pm25,pm10,no2,o3,humidity,wind_speed,traffic_index,aqi_category
66.64989283355648,114.66815473584916,59.56823797437008,54.30868676439978,68.70079872672213,9.332048188465032,39.61355774113854,Moderate
100.7906847702346,174.97285872061076,41.947060111978814,63.042512479930366,75.16614686326618,0.5,27.421299433923632,Poor
88.14498383926681,164.4398988716932,49.338606454361,36.126936536820956,37.662748248576065,2.7393290302872364,29.63584080162087,Moderate
58.54223022896415,105.33589491739099,46.9956462914527,33.83605798849851,75.22378473682737,6.47960574595871,21.671640013068576,Satisfactory
76.16731659866814,127.5066953622218,41.55668686246671,54.946048455003194,60.09719226331075,5.114334601016454,5.918865132231563,Moderate
19.181649366076364,32.597856209911704,52.11823602640531,62.30563836625616,80.29261762039908,7.408773985811529,38.51780210656907,Good
84.87319846333699,121.21964981124965,24.850185825781466,51.49806656794129,56.922776565031974,12.451480563073988,17.909545204941452,Moderate
45.53074760134959,77.146902394838,58.6285263310959,36.241242439024695,52.943866612028685,8.953923245455723,26.988122009388988,Satisfactory
80.18811348532662,124.67707283651329,39.21734186057553,70.51509323165041,60.40581061033427,4.642718392882163,34.304609376809,Moderate
10.34793503912946,14.402019251163477,8.028570340353664,43.7589199273942,61.5279105956978,13.417764291137104,0.0,Good
83.24191344567919,148.49039568862796,36.00339188009807,46.52034502551662,50.05822797762397,2.284571053823236,2.0797664448476496,Moderate
50.18548519693985,80.60532972039316,51.483381437675604,27.951203354739803,52.55542903567074,8.887534035088398,25.503921350861958,Satisfactory
82.39541199015923,155.43523898690606,57.01532974085481,62.5419417277395,41.59686698229316,1.8396560999531824,36.818452234494835,Moderate
125.62096882135005,184.53815951139245,56.64514867413588,62.093019110079425,53.48032365314708,9.009271622922157,41.160574059737414,Very Poor
5.0,7.942010336915231,23.60362216651322,35.38360461915509,70.14465089996368,6.72549038442961,6.130282561861392,Good
32.91707168031101,51.64021228067751,50.3879168396183,74.6801684075534,57.939687391407844,12.328951646105471,39.549472266192225,Satisfactory
14.706613511799572,20.184352219272842,41.427214758526134,36.16587830352284,75.13597944070992,10.882757884776918,26.323955725254955,Good
93.0093868401632,144.69183537657776,34.69805414295178,57.93510558490016,57.218557985203894,5.651442672033348,16.752641323552844,Poor
51.37623647713221,75.65315604641077,27.24895080768312,55.64929207255308,38.52723003415029,4.884241436735035,20.271722159109437,Satisfactory
114.0293530810908,159.2069027867943,51.2632458547626,15.824832412922387,68.95912331334874,6.739613067871563,42.0278599806025,Poor
71.04372793562102,104.38407704497517,33.80373210774165,58.17942167627271,49.895652884498965,15.502285840137358,34.11008677628357,Moderate
7.295754142094406,10.505528580347113,48.30255767399933,55.51197155884443,56.49949066854698,14.476273924432324,30.754597841329808,Good
65.7801182170553,114.4866198719186,50.91200208258127,17.791543898375945,78.56358071226175,4.126927258525397,33.6524360821185,Moderate
49.395231151232394,65.12588872290107,73.75744347444004,74.36261048465768,42.586943104177294,11.200901352005392,43.9214666492429,Satisfactory
120.32753662654402,201.00446046354,48.69359521631561,54.37859508552852,62.47115681196578,1.0742742844109374,28.54350648895015,Very Poor
111.44110889306747,195.73480762930745,43.28496843180917,66.71257205142689,59.39222474946312,6.21063015577054,30.814783296813548,Poor
76.97121782133877,122.26370509556052,60.762464978262514,20.155614662121806,70.51388573155654,4.289742588550165,47.072561102067084,Moderate
43.33000848356251,80.54784212067096,46.41815907253617,39.27805545931895,72.82730048223034,12.277117830289765,25.02620063605262,Satisfactory
124.72468084023879,215.11620136411636,57.16579904864922,64.91752057727582,63.95758506373338,2.837129920846352,39.27210892921022,Very Poor
81.43455685097362,142.40902256801013,44.826276864605376,25.556753600278125,54.594380301294,9.717400941689888,22.444432789902876,Moderate
85.06241502454476,120.63212235646395,44.40214907924438,40.863230165112206,67.1005875603894,8.002840486263855,23.76198987882323,Moderate
43.16194643858469,76.24028437694905,43.5741741616849,50.09055589697522,80.03483845716843,7.298204681081959,28.43925364800545,Satisfactory
21.463780517173454,38.6188539431955,49.66983718673734,19.66316487253758,59.59065090540449,14.686331802977591,37.72909279480148,Good
58.978442687430125,89.45613288375768,58.4049588627597,28.98092199330754,55.9911582836546,15.038788769337245,47.91272943826603,Satisfactory
32.033842985492925,45.74489929330355,40.901190780796995,67.56675275195973,65.82255386501986,7.422428726188115,31.448178953081626,Satisfactory
19.75895068546041,30.251554320170914,18.09524742693595,48.780738033243544,60.58090530554418,6.6163347976000235,7.502446330146835,Good
119.07083685703807,207.63153180313785,70.23223640960796,69.66362967664405,39.93435864123302,1.9725067247873325,39.47169440300907,Poor
142.98471349796648,221.70972370718363,81.12455056413552,50.01344153723028,63.58996200596222,7.98296405104316,66.80763261218564,Very Poor
69.33805971174263,120.78628465192753,47.22461761054255,88.87873378121398,39.79856386854354,15.813213022983962,31.630032466010256,Moderate
36.027264522792194,49.290295734554185,19.964562341692428,53.45754230870483,65.61720969612668,7.4850586418883065,4.36848541230631,Satisfactory
92.59151876738913,165.1468834486638,52.72134688250395,69.4381122797432,48.04285913390149,10.915037132575119,32.54479334206277,Poor
47.279059547953366,68.64562437387316,56.58864094546676,44.198079040086355,60.55312206279519,2.410010704322943,29.95481095224241,Satisfactory
99.13751879973535,143.68569575926873,51.610146424653664,49.98916240767737,65.85890859298854,6.260900281065593,28.69336734956416,Poor
44.25840956143551,73.21352596302701,67.13574634818337,50.26635162360466,96.80855018915356,9.849861223210603,44.18114849965699,Satisfactory
105.60211746660264,141.72552116868476,60.91447935806045,57.88884699281882,71.14124942680387,8.423449592192211,50.67412179503586,Poor
91.75678492933815,120.731617319061,56.19537362594758,43.32073952498262,80.47198214613502,11.298669337642247,40.25378617801624,Poor
31.01100114355588,45.17115762937225,40.6166909620689,42.42592238929745,88.07621728040887,5.589312461765345,28.004128729933974,Satisfactory
100.77466478113733,163.54121044842412,63.052914779415936,54.06102861960917,67.33883875499167,1.0000458047053389,46.885181765544445,Poor
34.69330254599417,63.99421923960064,37.01402790807343,54.6618774314515,64.28534700400799,12.488360921289082,7.59255538178639,Satisfactory
90.56585609613248,163.73048874826347,40.8484731293218,35.824287362643055,43.99918336760676,4.255402842916366,19.25915818899008,Poor
83.5281434104206,133.16623577719417,51.85123991684506,51.724307072442244,58.250551013994084,10.026416110007936,20.930583320974055,Moderate
52.467164124068404,69.37372118183319,44.27397736931775,54.98087208938374,49.153684055462065,9.80342746595366,29.53574028102098,Satisfactory
97.88208762956873,158.68170696341073,47.38522951143594,34.55840419082583,53.984117248134204,1.3449872198720323,37.60101993730257,Poor
110.94395922742947,191.14283557672852,48.387403091000905,55.97691236505302,88.05995064288703,12.196501668960103,26.989305774940743,Poor
96.32632644647568,144.826508467862,35.71938368000184,53.847304820729384,61.719322637999845,5.733731221884123,16.409463082465876,Poor
123.94293337693585,169.38512034957296,62.742096868715095,85.58743843518548,46.861506334258365,8.220218487947847,44.62275427044195,Very Poor
47.49332613308587,69.67939516410519,45.20709555396862,43.48619694986032,80.61800182036957,6.567269744137774,26.468149166929592,Satisfactory
50.65661328848298,89.30524451005532,44.50326544494715,62.17583983177838,74.32913214356174,14.490366008931636,31.531933813065503,Satisfactory
92.2461959171821,139.36059911284258,56.005302946084754,53.06392309516211,75.11480238900594,13.373960832736252,38.266016182138614,Poor
54.73288048793616,97.81799616718733,55.31181199359315,82.83998350760649,29.90804695346408,0.7506616649171116,30.583164118844202,Satisfactory
32.77072788368589,48.88451657890149,56.19302954226356,27.604275765301455,89.23006436582229,17.035308487632754,30.649075421164355,Satisfactory
114.31602785162477,159.82901360306477,56.99525838240073,42.24583415427979,51.62227886859169,5.2867730699392155,45.457101306537446,Poor
90.63933523712663,141.534139150568,50.89153536054396,31.63052390958297,71.66932159189133,16.409746707927354,32.270542118555646,Poor
131.58161330428442,206.76270328561773,70.46464797122431,39.25983654955101,97.85699685925547,6.975161711440062,42.94195478685734,Very Poor
117.21866956805252,153.5171808069471,50.609884505822066,24.663137132315622,92.32999122285926,6.636333175632259,38.17001166477584,Poor
75.51315664192153,103.47016938016073,69.03241065106296,28.04142776758987,45.33656811790969,7.01068906768871,60.25331316280374,Moderate
57.23457125990454,80.75543947743387,58.88230485298423,20.33219946272524,38.332239944965906,6.39684142008204,36.14120126803695,Satisfactory
80.57516485901212,110.23910441092356,60.56431280287927,10.746916068505453,81.45519898271891,18.097586151292887,39.569599052261594,Moderate
59.5013202817653,89.54446780522743,55.17655698509407,57.41970792365021,62.130837173909995,7.694547202717463,46.52485070994551,Satisfactory
38.63242786556156,72.58158995748789,36.6631549836672,42.67107057881518,52.4867783804688,6.790814269845241,30.954266399252546,Satisfactory
76.4711167858841,122.77694154069792,40.08143201252332,27.6300634457539,69.31827820408571,8.308043029971776,20.432203549058386,Moderate
26.698681613302696,44.76123718279305,37.25025787191392,38.602444256694284,57.55680633810839,4.130659212301179,22.887816283148148,Good
13.686880552625489,20.719636215682446,27.256546468689105,37.977483383266595,70.51986205573115,14.388482137161002,23.03239611746268,Good
67.49964353960709,100.85072176169187,28.672911738556586,33.330051424185534,61.00472711728099,2.1156766572274748,15.745035477049225,Moderate
108.35876707528122,142.37129059775543,56.11124830450204,69.91609362857459,70.8358189249225,5.543965571714379,34.76707753802826,Poor
65.99492167728917,105.60508643178643,37.290240914049406,71.93603160962326,46.58200966295417,11.746641239387168,20.557251779263737,Moderate
57.60339888474604,91.59893206227311,62.15934544637422,67.55396168978119,81.36693019698953,8.169408523069729,32.9227923180277,Satisfactory
38.8518572179698,54.18662448627923,28.159995726556495,48.595075703124365,70.46435056098657,10.196860730000186,27.619883344340455,Satisfactory
31.619908543406105,55.6065940968677,57.14204881244824,50.26807519587683,69.69446054105359,14.132656466741722,29.375677600612274,Satisfactory
22.244462130656466,35.49336605986319,51.75553770756005,41.563798920261476,43.23495109482009,12.01520619332992,38.34084971743284,Good
69.77280013429375,104.89617529067039,35.776991133103564,30.19503615663642,85.49448624966371,8.549905380564581,21.871513134171785,Moderate
7.940094732829742,11.022005545521889,43.215478426960416,48.36703202441188,59.79425850950598,16.357370599407194,39.5833656890516,Good
46.70524022303004,76.19009472919588,71.87931099276793,55.60119378991075,70.92073293644762,5.4866554048150675,53.50961799958428,Satisfactory
60.998919330272926,106.85121015626316,37.017876667900154,66.90499566913078,55.15763304380087,7.598761436029788,35.14663624427638,Moderate
82.20832087221075,120.7804330966431,42.98493740560501,39.02749565994855,63.91333597023146,7.8782386739889345,18.26856472091297,Moderate
76.81915789320446,109.94946396511392,26.59034432657866,28.317610212086095,64.45691028179107,7.590312935932081,20.774729829903055,Moderate
63.85913710971694,103.01506810216503,32.80280315750566,67.46956759450435,17.70103601994869,3.7231573721553586,26.276056488223265,Moderate
39.09321122542561,54.46489571554087,29.439264056099407,18.980502353097346,68.73672186982246,1.665400699358007,21.076645543956513,Satisfactory
56.35542209164238,95.80241598321116,27.89146608111635,41.51581708000465,89.48012192583127,9.668806297516774,15.132295355849253,Satisfactory
33.713688595674235,56.07281511390899,56.62110576777884,47.72022861022478,68.09670388487936,5.466104857797371,32.31610915442538,Satisfactory
81.63704634095065,110.3936330340121,56.045488290674946,45.191307728160446,45.63437626665393,15.63123515592512,26.682040024113014,Moderate
26.992781088539385,35.682087378648305,44.66048353651357,22.8714386738949,69.74942349230831,7.709830707059042,32.84581325337087,Good
122.47638463391067,204.8017269831777,62.64372525445786,39.33739327416172,75.89220795260009,6.994042970034038,47.79581118322932,Very Poor
86.16560004340514,127.23007983129354,47.72857521460124,71.10073721645311,67.68699774285581,12.377359145610617,26.454707491134613,Moderate
70.0694008779284,94.72454242128772,28.362331026944553,57.098205339786375,58.88809340354934,9.608770549790886,12.218699929795331,Moderate
123.34984830840133,216.5600521353787,45.22101237292103,66.15216670791457,56.36776161264104,7.297930288851805,24.01661261619673,Very Poor
126.28495785765467,187.9658654268705,57.36810465904242,30.48090185836656,56.3053536694979,5.437073008942226,41.55637825674964,Very Poor
85.61776344745044,134.9130237945737,54.108719624626644,49.74228828112614,70.46665351516819,22.6308072159963,40.15155406075432,Moderate
107.43716737347474,154.93382365934906,42.64310968356637,53.54647726067233,38.893140074105574,9.447143049046954,37.779594714203505,Poor
44.48685628467277,74.57733199597354,39.75880482070896,50.73120125211308,54.4219025871689,12.337718309537586,20.62939915256845,Satisfactory
59.22287447182822,87.70274315972168,64.81769098062588,51.55085952214936,83.93414734516422,3.9082179190660185,41.27853927049048,Satisfactory
117.73619730100017,221.43972062086016,53.96191477157813,45.30725171461718,84.51292899865764,5.688058454305301,44.653486170555986,Poor
33.95856075411021,58.46878120233931,21.865642922970686,34.59255516091363,37.82779368297507,16.449383553161155,19.568675551650358,Satisfactory
61.98158091523675,85.66061289138217,43.88239854481349,60.59305156857178,43.02879583104587,13.587723757422541,29.37644853686213,Moderate
54.568304724034675,84.58179473418578,86.35359166816866,61.42512593454154,55.94069130708095,9.830488414933132,60.30602945523168,Satisfactory
81.68810654631675,125.08513042617152,46.70729675164627,65.11441600805352,73.38884275671528,6.473716432811906,18.901885853049187,Moderate
47.70659095213668,77.3108332648766,19.337632318949026,73.93721572092295,32.58788468920515,7.063856912173696,4.423699961344127,Satisfactory
70.2518695598472,126.81575278097175,69.31332990519364,55.31092190761329,59.17787047623783,5.295557058975484,50.74356651697198,Moderate
108.44557700975307,178.9409723587071,67.2525317232161,32.27998084828039,52.88731265130532,3.3726026794454347,47.049071575568405,Poor
82.39821522213506,110.16097601032217,52.75364610362209,21.08134846392535,79.88947011427851,11.695376737044057,23.145490146338624,Moderate
30.530380323133365,51.69554871595895,33.069952575176785,49.624321325307164,34.84637289046118,10.155324891168235,28.3051232719787,Satisfactory
21.357686707470943,27.870909306155152,21.91275097741199,61.514442771424314,61.38810923240433,10.944315265369092,11.625974247165718,Good
91.15172646183156,161.15408993051426,32.12281279033775,62.00635433500933,54.09585843977109,6.652408048150943,31.33428408914553,Poor
90.54073587135986,153.917588965472,57.31256157075494,47.70059215511583,82.04698389415933,9.022555900532655,47.48870573057101,Poor
106.82653400353294,158.66639518367631,48.205279176013924,45.65865347907198,68.96478969529875,6.271824940103462,21.860927373625827,Poor
123.49292602454457,182.20950031630238,54.363123433969506,78.3134753407684,51.212765111133976,5.090767748918775,43.15652968179439,Very Poor
70.83338758338502,126.0100321954293,42.79476063620839,54.050318808229775,72.80079664993623,14.668249744568705,36.95585786085648,Moderate
40.783131027035786,72.18622410217445,56.613619366752175,47.85739040653329,54.167567200371394,8.486029187362972,38.66725336321709,Satisfactory
73.4787627629823,111.05443626273103,42.480776756382866,35.32039551128531,74.9899456685963,10.02981735314616,22.735362291204474,Moderate
54.97076373034498,81.32202380624669,34.07617790678715,33.58215120701823,56.44384513671633,11.343016055430004,24.680637255997585,Satisfactory
8.504211290480885,13.91199565181001,18.020204877157678,28.230040044841544,75.81999868153144,8.536163544932096,2.298413482928975,Good
96.29647309018723,125.66876514817028,40.55457509627858,31.564352792357674,66.54122932690875,8.962530976100618,21.499958812348417,Poor
57.39460754811312,77.4597751339886,68.67494565695631,44.21428169888144,100.0,3.653499292185171,47.45228187046888,Satisfactory
107.69480432246007,148.155931212706,29.263035751706887,47.88764310828488,59.206559918759936,4.415539886253659,16.060017088465898,Poor
25.254012245792655,35.63965131028373,30.122116899246386,41.96269169077877,65.74293437432173,4.208740979486214,18.295475192146426,Good
80.30689580518913,129.07011635632287,70.9430001355017,60.48544325167714,52.80862887426103,10.42183366728214,39.602847355606855,Moderate
57.33822771452494,108.67573174620438,50.24516209594854,75.12956799032304,60.04028011132168,8.28356261128826,36.0415243798964,Satisfactory
61.76180027542024,104.4742875035159,58.3086283059625,43.75530135812832,19.472472987758387,4.415873744937649,40.34794874694451,Moderate
93.14413543265013,124.51314998966717,36.48344235994459,36.488957302098115,66.98376024811549,10.320395366540827,12.551691898643941,Poor
70.2852279785716,113.53507604822285,67.31969403437131,10.715591485449853,80.14311319424118,10.173825843816424,68.4608692395052,Moderate
33.27900304480359,53.17941847942313,30.439113755154075,46.4151474541564,65.94945006899032,5.220136034802541,11.763699387491243,Satisfactory
110.20332135391862,152.79698104138765,35.91660845802062,50.027275847530824,40.29207813033934,7.888689821482905,32.313709706011025,Poor
66.59545944942481,123.34567401565634,43.81193121563487,63.797215136342906,47.97319270936498,10.188566700241907,27.620167561971204,Moderate
17.39990041076145,27.2214333824355,41.965330730263766,53.988385522059055,23.547118092655943,4.566578583522306,12.200377239524286,Good
98.79524325003153,187.38844355888992,34.01442617824557,36.24158851247121,74.68386010298136,10.264907059583802,24.44685865780125,Poor
97.52132931820793,151.35733329931537,33.983299093976655,53.90982601270505,44.902300609356296,9.204094416654247,30.349614013288043,Poor
112.38116013778492,187.0893033444923,53.32684785477589,56.44215115776148,59.56937114681658,4.003201177995894,20.250401822047948,Poor
31.341819568158677,42.71443454758449,50.47606148750309,24.19527683010913,57.6939364150917,8.879186939992408,44.05835432302274,Satisfactory
90.35540143178343,142.0871842782515,32.829420458440715,58.64018375400592,82.31590553487399,9.462594346623618,27.575613818062934,Poor
79.20285115600733,114.31027024116615,41.84504449637456,67.33869784682956,61.279219769486076,5.495995495444804,9.880879934725701,Moderate
26.289887903414066,47.356997208724195,18.255545934587253,53.785148354380865,72.13339380159015,5.810865400535164,8.608117009960544,Good
61.510733776911785,108.89563524236198,68.34254240108365,32.3422828033282,68.19695646221494,3.9663202762752405,39.09247635917184,Moderate
77.3578087364929,138.81920662271753,29.121321058910695,39.03136766288725,80.39117129942099,6.204004123504424,7.6984382594949565,Moderate
65.35024801015963,113.3281561451921,61.54340859955012,66.46048851934235,56.41314458245562,7.951671958251409,34.74639109573626,Moderate
39.48468701088582,71.05703499246347,54.49137569526595,27.717841203670467,88.04422995756775,5.821911365222718,36.66982778500439,Satisfactory
48.123469754027504,68.35925645110493,42.200321504855836,63.38664208567582,30.215067654010273,2.0604484070244506,15.069669541139746,Satisfactory
69.98989696739153,109.96996446615152,51.67737355031488,44.66599936689891,72.86210247001854,5.245647901453493,43.361071256623354,Moderate
19.23685173878357,32.99328077369499,18.900963967031295,53.002757568596984,47.00070587003802,6.3308315727519915,4.233095643575517,Good
14.978882739621021,25.201004052918037,34.07810384022331,36.9416764984677,52.60875670830071,11.267354838529007,34.446884009978376,Good
116.13390365386624,200.88990024769475,54.22266971851669,51.25172147582903,68.54121400351553,10.379059659107723,29.38713099605987,Poor
84.04120156145262,120.56172841804329,48.75008207415574,50.20192990717181,68.42103074771615,11.344884315500009,28.215030364036593,Moderate
84.33277207407,114.6133668255321,23.039798317126895,23.540337100430563,69.09642020535107,5.043924412004127,12.331550355291412,Moderate
5.0,9.250419734224328,20.35898655405766,52.09181541406017,39.20763083842143,8.566203116317373,15.944669934001114,Good
134.73934741645627,220.44746903126426,71.10833252677922,52.861366662361924,81.7354534691886,0.5,54.28203037530896,Very Poor
37.048911686986436,51.58303504842884,76.8122288979462,44.92269260023713,46.49029322658487,9.715681592723953,48.227325133076306,Satisfactory
61.537647676321974,109.29467447703236,55.914454564412694,13.585903004109394,48.49069364662201,10.44359069560319,41.13126882785698,Moderate
92.49727808626565,171.02357877885424,54.42038108947705,44.36405891203046,69.56845107250243,6.593499328556304,44.097721552945316,Poor
85.03311169225674,119.19415336808726,50.924588611878384,70.85718252146353,55.69918237858139,9.181719246887127,42.69020317006903,Moderate
90.99149697914098,162.91549584548216,52.62948079626676,41.9081751363996,64.62391260843738,1.9403028985197892,25.14965681570687,Poor
47.154817777617,87.70489773810746,41.40866535421155,75.8995683327565,27.65098955050818,4.795732038400704,30.71405327721527,Satisfactory
91.94450556431765,171.29417326146844,24.151704096304925,34.96166330677677,64.26486674278847,11.061796953729102,7.912374329384868,Poor
92.82394979757937,171.58450283904762,54.12298830144863,29.93194467555862,63.26747819268323,10.045013114158298,28.654565597887107,Poor
54.524427386414324,88.75773128884228,68.07594520746956,49.45303604595401,52.35212193353575,6.35258195582093,47.7512137430878,Satisfactory
67.73864542462384,102.53780232142981,35.41717750863524,41.883552363263334,28.88886060352816,11.245449269618842,20.08939127614297,Moderate
110.90715612794558,144.66326681737405,55.2205907332828,53.586290852353166,56.80787607777593,8.553192467199644,45.3471180703084,Poor
51.36955121061573,68.6578368283782,59.961033790328855,42.52355876541528,59.43939210302081,5.983116144311362,31.373786080406447,Satisfactory
73.38081963569438,114.27620058697465,19.366522412610763,71.21044264982862,54.49156514504257,7.268690757586825,9.219422014954016,Moderate
90.83379069423444,139.84731246254177,30.36890508880572,46.88351132503806,32.457383033512535,6.178329234753858,13.390207299805326,Poor
97.23950211150994,137.18824590475046,47.363576842316284,44.561852380328055,83.92101010975374,3.2648961967258883,43.78954304561633,Poor
118.13953433194055,181.61449044106837,63.97001257448448,58.86162051048816,50.4170770808344,13.026743223608406,38.28786127887577,Poor
41.85680492400446,58.80002263304377,44.574727978268896,63.01135458063943,56.66693005615649,5.727902266829636,31.52646109481438,Satisfactory
122.70049186952912,221.99890195647754,37.703564117927485,77.42306340278721,23.857885181725642,4.6705571428123545,25.889522786280814,Very Poor
52.23222991373978,77.24712894004041,55.135967421063725,39.69248493929041,83.92283023047311,1.8826067179465644,33.15851966442878,Satisfactory
33.64984189913842,55.82975191845255,47.479876394501744,43.410028308130904,53.00175102398916,0.5,43.20444373879874,Satisfactory
44.82127182868493,71.79049271870801,72.00707033632906,18.995861060832382,61.476942256113034,10.805987472475948,52.13779920730927,Satisfactory
97.3639226373562,129.60396498203912,64.6853943559081,75.26346003677226,76.81106167224976,11.174434748144847,52.85526299160907,Poor
47.36786244295466,88.35717950422371,42.379064941998166,55.44337407264966,49.85543692925061,12.772154338378833,35.57939851137747,Satisfactory
55.27193366032456,89.33799333473819,36.75681841798442,56.387386024423506,74.44867481079817,7.403842735319271,27.421024644532192,Satisfactory
59.27989301269688,88.62549031044165,43.50074730906066,62.51990949151274,29.080118160882872,6.712029890825619,32.19372011728284,Satisfactory
57.25129409764182,79.85845277256279,50.49627541923367,47.09006327042606,68.26479986356969,5.969107546787435,37.831805358826195,Satisfactory
106.74170896223382,160.44516856288976,44.40569515117903,48.538562207991475,83.5836324977948,6.333769480647188,37.77100415767637,Poor
13.339837717819279,17.50596190656367,67.01394751793579,41.34631380389031,51.29374729172955,12.479161402960749,49.61979955710157,Good
74.5169623413845,113.12680066639524,65.76492637422949,40.1118753780124,76.78322430447598,7.893939005084167,61.73633582874982,Moderate
95.24181197478332,154.18616522056573,25.308082875103523,28.245145037975416,87.50883978290675,9.51228318400561,26.921180555788702,Poor
66.65762504583066,121.52483254320883,91.46140329951042,72.12318497001543,56.17737242918971,6.231972672158386,62.338273632366935,Moderate
29.450242907860044,50.43132192212745,64.40865022403005,57.43480000599489,54.93707571225209,13.283391624882828,47.5835887013759,Good
86.83074290427385,118.693230862158,61.71482236566429,80.33746994131171,46.52559381251544,0.5,28.487655147221883,Moderate
56.73686385060999,78.78752086223179,58.88135052446218,83.97493915473667,52.354047672223,3.117903301127817,52.478472582976195,Satisfactory
36.74560628510119,57.20827979981488,73.59460978346272,29.38373607655913,47.7696016459107,9.518842096938233,55.28472452128747,Satisfactory
29.749117912914755,42.167133074773425,47.94288109428915,65.47575888837724,46.51333352359159,15.002443004923743,23.0955683370923,Good
126.13862874778404,166.087977025251,68.8701358431702,24.034038954409407,77.98252945067034,7.099599200964919,55.983228787284716,Very Poor
46.28631510330269,82.52891307668897,49.95801827935606,53.03104040283153,48.15110962067611,4.630516777090626,46.12624231553945,Satisfactory
88.82958984911075,116.51897597258582,76.85969915394074,51.945376303734065,63.87782872079435,12.002650820633376,65.52838691968788,Moderate
27.20226363048748,48.920925301054886,46.28665460777668,28.577807457737933,60.57350152824357,9.294793768059598,23.639421270007517,Good
17.15254480815633,23.781358060376736,46.934502558769644,32.44294127916995,82.47141843856684,13.160855247976976,24.69859884396006,Good
28.955953090485615,54.57638442261525,19.986971100335545,54.9147408328102,52.452656519174795,2.838595661022633,0.0,Good
99.768085180335,165.84691705838998,61.889421473041466,49.501066345646485,65.71722069981483,12.846673944043705,38.567908808519434,Poor
101.94361862778797,177.4827984707782,58.86658092279153,30.3512174461539,71.86604553414163,1.8061701729269135,35.62876883428078,Poor
66.97121941242247,91.50211921022705,35.21024463379247,33.060284738942705,82.34624410980872,6.847311415380531,21.555094926964998,Moderate
73.10413088432269,132.84939156252233,33.73165788604556,27.181655707877162,52.233699824321,9.651131011295705,28.77223902767913,Moderate
28.890583106273997,52.104611712483575,30.821987626722255,31.809824218850096,50.73161296901429,8.744053512796375,10.331684847373271,Good
84.02435198483177,142.15203225144012,57.20590633506451,45.61403698917803,44.07328419059921,12.242369343929468,47.976674292475295,Moderate
64.5204500806226,103.32078530153626,41.53904590106214,56.10289782792051,93.5444943127236,0.6933599319631059,22.654507882075347,Moderate
108.47677791820676,187.97870377618582,99.53390053929803,60.56007880329334,80.76708657270581,8.564029918796146,76.41073523431427,Poor
23.95000983383433,31.220201273353823,48.129318567369836,75.62815461363707,59.36697908531935,12.798568131135788,27.365980489334508,Good
31.024411185045523,51.359809899515646,47.11519131962166,48.56964532395951,88.97158726690584,8.237176908288387,18.60571738427535,Satisfactory
123.25366947428351,222.8973197155975,33.341934488946805,51.12983619884737,58.47204908451514,3.43064128093319,23.81530321897707,Very Poor
17.399719272817308,26.345609761867046,36.63817272609814,53.25396370064899,70.86615707150294,12.03002957930661,8.820585351836229,Good
52.62094223127134,71.82619768370222,66.92345397770305,55.25282455328056,60.15257852584081,5.406758919425217,37.23407836054413,Satisfactory
78.55250913967168,121.95484028585304,41.84593010664605,22.558879636818098,65.96708177625706,4.702707951748486,23.701504503313167,Moderate
122.25744188013047,212.27103239710243,80.84833981995098,75.45781648571096,64.37642163800321,4.199456988465972,46.96879185596607,Very Poor
35.67195958294716,48.67013412155767,36.43145912131652,20.31087139070091,53.62521939935026,7.20525954820415,25.87878757238374,Satisfactory
63.232083150522854,90.0190359111359,60.57929754968062,61.95394033142214,76.3874780712803,8.732240881491483,50.7666316752847,Moderate
72.0926617374152,100.10290348793119,62.4251370192078,46.69794742192381,70.73928626525851,2.923599781187682,41.36183623975562,Moderate
48.725315172331555,86.64182806380207,47.82178084433916,28.57445833717376,75.41541890252218,3.7454164930802234,30.42895165077516,Satisfactory
120.71455454775125,161.48415385429175,62.389881266986265,55.009934894580596,64.8034077824902,5.222068496551128,53.70348881026232,Very Poor
60.41435531834418,103.42647045115967,64.80879433692847,48.94763057180582,46.401451773342984,4.180045408453438,44.28440191555814,Moderate
67.90979978635751,103.21434939346935,89.61820526661269,32.633771858214544,85.64079099836553,8.147032906197719,74.19319239994837,Moderate
20.336675895957008,35.65984759568066,36.78214078053625,28.06550374398694,56.06165649648862,9.444886385603523,23.858171325326932,Good
9.470963326863409,17.792436320325695,49.5467304320442,24.925191978935807,65.46100542852622,8.895495241066373,31.149241581876908,Good
63.84182009063645,87.38203436288434,74.24977581369495,36.930186431795185,69.53072038233404,8.90132755499121,53.53063516516394,Moderate
48.70639819700729,72.50585545455795,21.294569248237885,41.12291308571395,65.36132574326427,14.683966861154444,6.846932822473313,Satisfactory
41.50300681807346,74.12749355356173,68.9147045807667,27.09561094372715,73.73125531845412,9.69473439850862,49.75415344848843,Satisfactory
36.882752176840526,53.83757010540072,45.99424140852908,45.357068447754926,76.10066883474747,11.135856991556988,36.58954136522206,Satisfactory
19.263559993519838,27.52902110779872,29.618559753663376,32.652457478173936,56.62749745429128,6.341537000892108,16.676838668291282,Good
43.094812045575026,77.3649609529396,37.491663115322076,48.52690877677158,84.3820101293347,11.776024570645966,9.554405121733176,Satisfactory
73.34039863470039,138.77832666199868,42.83136245759262,67.27140048155864,55.99644668758102,6.150589904826712,19.91265790304574,Moderate
44.046829109266845,71.97817235515596,5.0,51.330367596298764,65.05123573321183,9.645793310354362,0.0,Satisfactory
98.51643416620658,144.50678714217509,37.39742050982443,47.75551268610617,54.184827245936525,2.51453252727047,22.656908344627446,Poor
53.05562856940456,81.66001771166195,59.32208469687013,41.99696500063594,49.897897160238145,8.664936527952486,39.33834500013872,Satisfactory
23.49714941779012,32.94484087694528,41.68086628442753,66.55890601225569,75.66286633186297,4.098479059322649,22.855490385467583,Good
75.61953889483253,132.8735393950167,70.68785543082802,37.097264237114004,100.0,11.74414261793563,50.82469052150712,Moderate
38.848018695233606,68.53118416659748,70.33714591504976,86.43863631665684,54.57360167519524,11.503505847995138,54.899214040879315,Satisfactory
67.88827346150964,123.90102744562482,63.160419127613295,26.60849760228386,78.22982362017117,6.133490449763628,49.134667239386616,Moderate
17.585331574036882,23.141619987186935,48.808355201870995,53.32634317803194,55.111330309497085,16.19829971449816,33.45961365396548,Good
24.639508731604014,40.33952785548624,28.729434508756288,69.22230908009935,59.842725347159934,6.8564868152261,0.0,Good
29.291062014158122,41.843842146935515,43.059600549004806,32.37520370454089,86.36375658347508,1.5519243973098913,19.44453761951091,Good
103.55922425509793,155.80793991930352,48.32043031850948,47.67874060559359,43.89697072387041,4.88352811854928,27.8694220983842,Poor
110.36815002596822,195.45905450075915,35.643451522891276,61.40667482326588,39.927613970653155,3.8234359105685964,16.591985257427837,Poor
46.70490927553097,66.09773064502579,40.72612654988954,54.07994964225623,58.69202026855276,9.518408407145019,27.907417867701433,Satisfactory
66.38722045380315,111.73002730236016,66.28188151406832,54.40451787950162,69.9548404190651,3.05854789331019,54.15101203040069,Moderate
47.535571582899806,80.465349880963,33.299385847038224,64.01287740408134,66.95499857521322,5.843143936775019,5.313352057270226,Satisfactory
114.92369334210008,215.18959924220755,79.2218627138966,41.71665076063365,65.41018763539495,9.25820868214708,57.1753808417854,Poor
21.925056688971043,38.699842076305785,53.75522725611738,69.45299252748636,60.511979722673665,8.554583578847211,43.270896326312055,Good
45.26724165230255,80.67442199188729,51.420285693548095,19.840155678057997,71.79810040475878,7.949424750632882,34.02325212416543,Satisfactory
122.30222501010604,198.00246516629426,41.353915078412214,72.90258050991999,16.294913369325414,8.504002076176269,19.295751663888545,Very Poor
21.818483070026236,30.80919231836092,38.66714562711907,67.46050122890787,48.73792042368389,6.517999609969382,16.89074481762862,Good
84.99983870716457,132.20348078675673,28.44992231755947,36.66378158703972,58.59581386074828,1.584991777334678,5.6067342811689045,Moderate
65.72614253672079,107.11348331638492,61.279735437230336,24.12685296303874,70.56802198653764,6.41264711702142,55.7514822047158,Moderate
130.3248132195547,222.47117454390488,58.38588335261708,40.04819351139815,82.3464771010285,9.874999137261142,53.06417340111062,Very Poor
86.8853198977927,144.6315162189228,37.3767154610162,56.71234608694037,46.723504377492894,7.452260045562383,8.905730571250768,Moderate
96.15774827239306,147.73548529286793,51.611723659901116,38.60227894803398,81.85617938304851,9.565953492522004,21.710580076406977,Poor
63.35018181500769,92.43981649916468,40.99528527228311,56.886817826961966,53.21157496197956,5.652867881962059,36.497171538478625,Moderate
46.287883819574006,64.84647880049485,42.73454554151789,77.45588579798859,58.051353255289705,11.977344319511715,25.507362927416878,Satisfactory
13.22732898914641,22.70216040098511,27.61029715873704,25.785023353097532,68.7214877819642,0.5,1.2198786445227334,Good
83.38342454663335,140.68778290784272,20.48983970242025,19.298131690133577,56.95145881039841,8.565762051693419,20.133408591664676,Moderate
70.06851273872853,119.98696638426836,64.7522601586379,43.63018237725772,76.65176409999476,13.395521388485115,59.26551447030028,Moderate
31.14844630470943,47.45517101251708,38.29771285238796,39.01128379072622,53.93093782330284,13.99079406416585,21.150321143783337,Satisfactory
73.62591408857881,107.30569779561128,40.01528170605448,41.963881197756166,54.15697513079499,7.072695323030099,27.547989949466896,Moderate
31.97760224554632,56.14732279882017,33.21325278468675,63.847757379735334,75.77969931313999,2.6952073774284635,12.82233863946929,Satisfactory
106.71632660814531,188.26770944474842,66.6986565228001,48.48012829239089,48.55313417598513,13.465891369373436,38.81644477925622,Poor
56.753274176089796,89.29388902343032,41.73216826672602,46.81828140212956,63.7339364297499,7.792539332777757,31.727276985368757,Satisfactory
72.58743285746691,121.0135907156617,37.384916619503784,46.429484839439866,35.09275998459264,7.364121842920477,18.86970387664532,Moderate
106.37538214591663,162.1279750026912,26.6287831726463,41.95906441442965,87.29459028091784,4.428581436489077,10.430169062888627,Poor
117.29971984331254,201.89256174761687,67.05225801373194,48.407866128420075,78.09827904355163,3.0004500765669704,51.06815061016314,Poor
23.642877242463754,42.59105828625574,25.371564963274164,81.76882298772367,100.0,10.255452675697416,5.916848900383794,Good
43.718957223025626,74.8879491167133,74.89909748351934,48.179771059842345,80.07545597169579,10.679485819034642,37.557235433843324,Satisfactory
69.80639078463332,112.21723391548637,31.916619670780634,68.82937821914417,43.05524655599278,8.806176007197687,0.0,Moderate
34.78251405906963,54.789234431399045,43.899873555569314,48.790044196688,70.02974790240889,4.943816873624628,40.608175245185734,Satisfactory
115.72820278976162,195.04736292107202,52.89795687423075,20.33718633196599,46.229868566672934,3.740004699563401,44.55448330890091,Poor
68.95991660314596,117.77571301853256,55.556722041469925,34.759809973112404,83.67056260579648,2.271005379120428,46.4217556745987,Moderate
62.0851665026809,101.52400277218791,34.949481801284364,55.487081634065916,43.48289568033641,5.757819295688107,27.581872971451975,Moderate
77.7112322001978,130.16362241181153,57.437144828796825,62.29868280947019,42.76267673640304,3.9765857410041443,53.760054083455444,Moderate
128.23870643935035,174.1421629910234,76.72825648488866,55.98286323476795,35.8528281945497,1.1627612188358185,64.61687542494101,Very Poor
14.582739015259136,27.28516959521305,36.74058715128637,63.27041046036811,52.67430268105498,10.605380049412194,25.17565295931055,Good
49.97177078625959,88.67310019299674,33.785082761518254,28.16866150166279,49.65783262824643,2.723744554060131,23.234924548051083,Satisfactory
14.714032620907153,22.42943453081846,65.177684831399,52.51683445177558,41.07526341241102,11.935690725722935,32.23765890517404,Good
82.74940821386376,135.51767697305033,35.18429706435076,61.95001820755136,89.84713656365287,9.576286840453854,22.834797811586892,Moderate
42.96118633362995,57.069413008124315,35.03241053135777,31.83695795170094,67.94821044579967,9.177364750473597,20.641947059848192,Satisfactory
13.156397137220221,17.42876197482894,45.685681602680546,63.572167864679365,66.18351809785068,14.661236184240366,21.948921896377357,Good
96.00177990248649,139.24856581362965,66.59047833148901,59.26611863153188,83.8374662887189,2.856789463741901,55.73634012009368,Poor
107.95159265581327,185.00970490291198,48.095018849364706,28.67585683604205,63.843866880644015,11.495087984195184,41.57822992553148,Poor
57.33786256043805,103.85541959529579,38.44370965120193,55.314219021162224,48.76979697742291,6.809429707914282,22.785808091128633,Satisfactory
27.183779819593468,44.459385269230204,36.06986738316883,55.48283910257934,34.49685386223515,18.28428062651816,0.0,Good
114.00747548768382,184.6099842924664,22.298192614193294,47.76973178109343,47.92413911484894,6.476822275443162,6.8330325959029885,Poor
54.33145899201359,83.74573505198994,46.50215872848655,20.580414865118872,82.58123400762693,5.830766655497527,37.55143623902816,Satisfactory
12.6022250243488,17.604788814328113,23.36184264679217,47.820112305038485,41.1699582647076,9.702143099429065,0.0,Good
55.06847410949853,75.4995642011418,48.508096719321635,44.59618027588587,65.29690856996815,7.164365871165442,34.39490291177933,Satisfactory
65.07013211880935,114.28969129210373,54.526842735706516,19.423705284045063,75.50887714628337,4.966148150800523,14.016544127024616,Moderate
44.96778258669275,83.48278418855448,41.94420234302629,27.566690923145618,64.28017260664878,4.118892864256651,31.377086618710102,Satisfactory
87.21572404407273,137.3621427779197,61.73190582969132,32.89811911187814,65.98474993185874,13.832817953549613,30.95784452001214,Moderate
114.30707528672443,193.82678060772898,57.93508050663695,30.308964782652644,69.8340586931014,3.346153472400033,31.80884900836066,Poor
32.60309299762821,60.27250959735505,38.62454263946482,51.75621295037359,65.68921307733974,8.892350241522,24.08367229382219,Satisfactory
64.19554477311925,86.92514445967042,41.20352169704444,56.84543538555379,84.13611258709923,12.22473655850438,23.590715615884015,Moderate
5.0060138631973174,8.82204252354668,29.03029047600198,46.46272798263948,44.39562407658585,12.417979941770533,19.18814371595342,Good
32.652185855107014,54.53209333995872,49.22501404578142,58.77306888211763,63.60637315258179,5.593390391274241,37.25838475862835,Satisfactory
43.81536302827033,72.69767512434142,54.76253447272413,67.74204820926087,32.72639349004278,7.175260797496949,42.07789012171422,Satisfactory
31.942047446077083,47.13126582777262,31.806699193845944,52.94184441588975,28.89380719220194,6.399225995942509,11.715412161958106,Satisfactory
75.78029291515955,129.6097640383775,35.00157461626186,54.36566924049863,58.77493453722024,1.8599249493365004,29.22557291561596,Moderate
76.71682033631517,136.31648037338502,52.1457353547748,43.0196839206033,68.15069353417135,10.15006953208046,32.94873110231607,Moderate
62.20390851333315,85.07721244761733,48.31396294703788,26.265550355359494,84.46001665856346,8.154014582539235,32.75656701934563,Moderate
87.83089220909176,142.29595784925797,52.43625227265565,29.53923302779657,96.29687599515694,13.762340322407516,32.50154429394777,Moderate
40.5411419958549,55.16672824359928,45.95098319829434,48.932640397871985,79.7979100599822,4.7071796107943085,23.969477844821633,Satisfactory
24.726765612917596,45.09035524984945,48.959427192898005,43.9985596725304,70.90748616597043,12.354786234470783,34.18545638193809,Good
43.037436715440116,69.05709772552574,59.24896981340916,58.577700629326124,62.39947283660723,12.636936601136819,39.2704306647543,Satisfactory
114.6411552513585,204.60917383895406,48.20658556219717,24.28887808281104,37.03157905224934,8.18828674723155,32.11554983733846,Poor
69.8905005504109,106.29306439267951,59.7779717086298,23.73953633175442,57.80945091387302,0.5,37.58909754800586,Moderate
110.05284686571592,151.3278298906621,62.89877757988414,21.20549694587854,79.35565126887339,5.949729370222839,44.85530116556261,Poor
5.0,6.624497913157135,23.460637177582218,47.80495214847401,73.47422784042061,15.143484497216466,2.2358946315709822,Good
43.95237136034031,64.56189200466001,58.917194056109935,31.187455964963217,40.70498779975577,9.188223085967639,44.151957627980515,Satisfactory
90.55503052597389,130.9914937989305,61.98930213408731,50.95986053287859,69.2103847088772,10.773598823487543,35.13641647831912,Poor
36.85461740034287,60.30193718766527,35.234539909887374,57.70997038035902,67.9258921780158,7.643333673460127,13.325620083919098,Satisfactory
130.35244202594933,171.1584010107807,47.261657127327005,69.69407624094656,65.24835180172106,7.106228360547486,42.037063234795326,Very Poor
98.76910238999243,159.24960434164964,37.847061614565476,69.17217994073613,59.58216666933998,0.5306217252019749,24.025186409640575,Poor
43.50318229501296,66.78012748998663,41.63477464308485,35.571953284159996,69.9837595041629,11.178956868221228,26.070503455221704,Satisfactory
56.18421456478758,92.49457580001801,40.137337654267114,20.86349098798957,70.45969558368597,12.318724818889507,22.38480326301507,Satisfactory
116.33593391949776,200.26655357862575,52.496043207028094,40.44524632164293,50.37811851852892,4.1965508581332465,34.53598266357337,Poor
33.390817566019315,56.111771910771054,28.84399886187279,61.2874940198963,66.82521092073144,7.28457951396677,18.219702862319203,Satisfactory
60.348346423403015,114.10584605450218,58.62592462097571,42.722834389645776,57.15907288879179,6.745034890582837,43.52211944921679,Moderate
60.995930692105674,84.35488389907765,42.61238429483298,52.096892752657794,37.69149198380636,9.680613175945144,27.917061192079924,Moderate
60.67642954829476,94.52430282075676,50.761220414944525,41.32740993909679,51.57589447442754,5.822545673963621,24.53696274768094,Moderate
67.95626283256014,105.66508720153797,49.20319517321839,76.40911052983154,36.544654719818624,11.72536369273201,41.29313516420955,Moderate
61.54184131821703,95.40412696380565,42.546954908627086,29.84280792250155,74.70140302605157,8.285297264497956,25.20664856521379,Moderate
94.79470692124941,160.98786341471305,54.31730624366739,47.933814963306745,65.33834066331478,0.5,44.22265238043452,Poor
30.79908817770768,49.09056920823641,75.12847216051003,65.69005025011653,54.66764083191082,9.770881100770573,44.693894262612986,Satisfactory
82.80537668365287,133.3547085029682,39.03305700527166,71.36167811606455,81.30782014932973,11.985403950363137,9.977942426715344,Moderate
119.50782464752432,186.36212649865078,48.836149406884694,37.37399575417687,61.0198636137175,3.391753358940245,46.63890303334386,Poor
5.0,9.475098383055688,20.892804904038645,66.70575625997625,38.53165866049689,9.634907739898297,8.069460427471718,Good
102.4890301343524,190.27465699300333,69.78372344945566,39.83446071770503,53.40782189724283,15.31983867901684,47.57370790323766,Poor
137.89745505274053,204.7273211114713,78.04108647945384,63.75883546686089,84.49281280909938,8.448265500712955,60.425357883453586,Very Poor
31.64540246494712,43.257884001561784,62.21771917780379,75.95043265120655,49.95786562366285,12.566515457317958,43.12251657403697,Satisfactory
16.37776281408084,29.54317214026686,21.52682164607672,33.830412655660766,64.12831933136745,6.231380119053919,0.0,Good
36.13216983529946,68.58977571342281,68.96773629225456,55.57032275973155,71.15814936771957,7.928142846171375,45.953485790790275,Satisfactory
117.80753002979607,173.83270768167145,83.57055387531584,62.929452462912,68.84922726832414,7.1815148482946185,63.69193448904018,Poor
90.23601688493623,136.67787391607706,40.5846237287706,36.237609788779295,96.7418969843715,6.451518294609774,25.454525385029562,Poor
61.62043821870261,114.92087925494698,36.93743718018107,59.74462637366716,42.35545114615097,7.409111819667695,29.47945019955165,Moderate
48.304963093467364,83.40710309459627,17.434907164447985,60.22964815124871,43.853053792007955,1.47727287630273,12.172699171103517,Satisfactory
120.49713680897672,178.02042135792684,50.38396235216873,81.62401537815302,42.60368329346801,6.676479462466814,34.68119128229504,Very Poor
73.68994036929027,121.48729125677556,49.41467865038216,19.322729475051993,55.56122368474673,13.35122582170714,49.03765773814693,Moderate
127.29846184690659,237.60738425103142,58.4274250194209,43.86316530462974,76.49066082273677,4.145239772592667,40.466056922241805,Very Poor
103.75566562792031,185.42049088227398,86.952301888446,32.341402710584376,44.52398130305233,3.735466914106758,77.12950465931698,Poor
23.61437773635809,41.20944180877122,62.997153371729766,44.866889648169675,76.70040758915908,8.244849485579019,30.495405644486958,Good
41.08597510992897,71.57989491474319,27.730943719832386,36.15174995148542,60.526900048916055,8.444732573428977,5.539899488771034,Satisfactory
77.30623306482056,108.75535139227465,49.074306679672404,47.50323178913391,43.36504960183615,9.509858876215946,32.564564573523285,Moderate
8.95919639769069,16.08004402963831,7.070642242157367,40.14189978942069,33.72945065148215,7.545045707261444,0.0,Good
50.06868124346301,73.38422309241737,29.704528331801036,54.913223278463136,37.08644259286011,8.287456657833335,22.003441127032296,Satisfactory
55.05585320625286,102.30588725537993,74.37999092923302,66.10597277745421,50.01219887649114,6.596460905484003,54.36573087900318,Satisfactory
67.9334994094124,103.1763116007459,48.884530968616374,42.91643171574667,57.46273236385019,2.8968153788001434,34.87700472947657,Moderate
49.01079892119774,88.93481135482466,69.70513295753813,65.42114415573681,80.19094465095677,7.714432526757396,32.69125219246903,Satisfactory
48.3121415258296,70.5231701432146,70.91612472697523,61.262087483572074,71.98632318282358,10.898387985769855,57.311705650730346,Satisfactory
91.62752253649931,147.4026763838442,44.698279703654535,81.0278590405934,47.41588121879546,10.060218505409336,25.94100162504945,Poor
85.30214582505015,116.36331660998205,53.49939972278705,52.94435933074492,66.12997925058252,1.0230314922428505,48.927306194011635,Moderate
86.92175379779852,147.4254955952418,56.32509668886812,42.1207005679541,84.7731940378836,9.007701453236331,31.939604627495108,Moderate
92.37715817265517,166.43108209263127,44.724873657370644,18.599689788756603,88.10876131545052,4.428921896571323,35.700711951885395,Poor
5.0,8.655341843907248,34.761681101134826,37.21791121076508,55.28390982669605,13.568656020885527,11.740427162054807,Good
85.17889553780374,137.47491352686592,46.9867147831841,42.00658986839639,74.37432644557502,9.305079131713521,22.769298077576746,Moderate
58.49661318165617,77.6290727954931,28.895049929151917,42.48752843191346,80.84933050331736,11.585135840522426,9.037226507341895,Satisfactory
105.81228483159146,196.81768571561918,59.76995892905627,87.75205180323269,37.3939211523242,8.08467257765944,28.57132382661982,Poor
110.11648210240021,189.76304308281405,47.384807069667616,46.432569538132526,52.313893692604545,7.735780004410091,35.85603515874401,Poor
11.70443464558244,20.45371657871167,45.41880728623779,14.814644457671118,93.30028101634895,13.983379670612987,13.349428423628218,Good
92.7713146631028,164.83684609845486,64.4963473074459,58.871663682030906,55.48445834818644,11.891097586500065,60.73768384027235,Poor
47.827577230643996,83.63350427119268,57.14665919277856,65.88432769814315,16.06572952948354,8.47143460899019,34.17159028637941,Satisfactory
84.35409776040859,131.98630070655955,46.640932555068815,41.47893986456199,58.185572844199164,7.201334295450407,30.86693378377829,Moderate
120.89217177095864,210.37330502296825,51.7253189142598,76.54118036894168,76.86938248673793,1.1713010978765208,41.54486627018438,Very Poor
22.19596677330232,37.17860109409018,22.519240918453924,19.531152868453436,60.09765655201344,9.298270139496559,17.566078787011172,Good
45.37858891867241,82.24459927550672,47.12159281742613,64.59576465341605,70.73045920200951,7.495584122721141,32.4521621875118,Satisfactory
28.683154644704302,51.098348425805185,34.73178538372689,40.818883445862376,74.07332996483598,10.215824188329105,19.247006694636134,Good
84.04001870228736,111.33828663878003,69.42542856983692,34.808545680107486,54.67593822851577,11.431275366139145,53.38019865133474,Moderate
37.090121355584216,56.64893865855979,38.50688859362532,85.56415312830441,52.20910520378436,12.931684380188987,14.12040975904378,Satisfactory
75.4219535873741,99.61955567483389,41.38500431580408,58.59012802650641,62.301614639314074,9.347971643577617,30.947481889607605,Moderate
48.634715361857765,66.20376091736443,65.51190454891378,42.99008298323969,62.66668384394821,3.814558139487179,34.939736777276636,Satisfactory
49.427380329827805,82.09128832332145,48.02186985105902,43.0563142074653,60.81115229770457,0.5,35.92238616611552,Satisfactory
93.04273223242865,169.73721373730885,43.97087699560097,51.845812962505825,61.42734784023696,4.701200558572834,21.28147240375752,Poor
5.0,6.859474276127802,35.63196213714745,43.31618566508675,48.77180798068893,13.33395399802027,16.567358967823534,Good
14.920931181004597,23.435613864174574,37.75858745463301,65.24326713888922,71.25430365121422,15.293965877197763,21.498072404308516,Good
128.8545697736741,237.93348634262614,54.45285081995907,47.51758505459977,68.98847920669449,7.048396992923298,37.92488151315423,Very Poor
110.64678516814081,197.9006923200926,37.535781947323656,67.27149187536232,39.95987450046813,2.156162982870595,27.842313436320545,Poor
114.05829856169395,183.83924978302522,54.64828985352959,52.28638212620791,54.16256524371049,5.40634569998864,41.94313212678782,Poor
100.20470397785171,176.6551677766335,42.721508185464295,60.76828536999675,61.3961980880917,12.551223290791484,37.1550557909261,Poor
87.19984157497348,140.7070826208107,15.605837311037842,69.78558528302565,51.98530496585738,5.635947305891573,0.0,Moderate
102.40407820619917,142.83888171060713,46.607884841158835,71.3018315512221,69.56057966381691,10.356495790670056,33.71246695255817,Poor
118.35695676470655,162.722075849864,84.14291026769038,55.56484792967548,58.996761923142934,8.674233205192142,63.75682151724405,Poor
18.995074121143112,26.840437475595653,62.23573064224103,34.49457612701838,62.5360879418278,10.840013036148216,49.87903576557497,Good
77.36637528964714,116.86603017446765,49.112524679645105,46.61339390952256,53.989360387753905,15.272043995788152,36.330197410604534,Moderate
71.06936303224734,132.0694453437952,34.45852757188807,53.58758843106244,30.10171764884078,10.359125902137354,14.109118042950842,Moderate
84.09172456967254,149.6670440837371,54.893796042276726,45.55291239350825,29.244775176563255,8.587665106551718,37.16330574188469,Moderate
27.124657439935152,42.30581112455548,52.25829881783686,35.128858014870644,68.84414320038042,15.713494263235678,41.096249098173885,Good
32.944709745796686,52.574684121354124,46.728246948978004,49.81677230868797,64.00368114734091,9.398208406500245,26.193799787586244,Satisfactory
91.34999487818973,133.3130469001021,49.84684021243547,31.934398809330773,66.57993309526627,4.8282100106735975,34.75113088206656,Poor
120.8690440123901,208.2104383137593,62.639136783106494,29.935574113722367,62.017092630943694,10.749861159077941,52.64493687594061,Very Poor
83.95627400198589,149.5814850061747,31.46296468597475,21.939760318004126,63.218511050602714,9.789822168531883,17.140883703874113,Moderate
73.03488283843826,105.41437356455026,40.30776084786733,52.29798030167487,74.53535060428183,6.768390630917601,14.125505925613096,Moderate
49.08073805072047,65.03654116308819,52.62801695484541,51.78486155501542,66.66929058602119,5.929655790134906,40.39048988991319,Satisfactory
111.51648801355286,186.71577672883163,55.26582828072323,40.00713940048414,75.6136402545917,6.806962050740369,36.863139542971204,Poor
103.46264080814187,169.4208266499788,50.63011487302926,62.399083612849985,62.57192761839896,5.872442569992973,45.43257443119218,Poor
43.13620302667469,66.48491062268319,63.61465644783897,33.91900486172853,55.49427389220344,6.936960725148433,38.546907178556545,Satisfactory
38.91034542658677,65.61593047005209,34.67135245388046,53.13050302335963,62.913042932343686,4.628813591032554,21.483674052387094,Satisfactory
107.21742985274227,174.80386440019046,56.03691676873406,51.320984050994085,47.45733177769055,9.544618752639263,36.48288977198107,Poor
14.977774167017335,21.72299897590832,29.56874664147688,38.02933570664415,54.30229606632137,9.244805255835278,12.868101850557395,Good
48.411270261088916,74.48739029713819,46.73137065394425,40.079149627132324,62.66356962960055,9.380807108917876,26.24521932400509,Satisfactory
43.69866435000724,68.03305836785029,57.335311380964,38.964605303480326,62.46477497851517,7.750522642253384,37.541988464496065,Satisfactory
89.23826472288764,163.1408262714347,40.97575199254665,52.11056617593065,58.40371679995517,7.289346975899752,24.592286749141653,Moderate
113.46384805793843,212.91973224071802,65.3909880737485,61.06598723535592,39.1772293473869,13.76802319061406,67.0207827334474,Poor
93.2824417932299,171.24798289661462,30.183633516146426,39.69486388801894,69.54614319631071,8.26962354735121,1.6172362676449978,Poor
62.35689414366621,107.97138713652227,38.48965888210937,34.815746918436766,72.51342609899324,13.055067384221907,21.78764464501784,Moderate
10.276581456888154,16.96659118110734,37.28402030014874,45.12726044214463,84.65535742878359,4.014336067334746,15.933302491951345,Good
10.627575651198391,18.21095645118781,43.079040618583775,21.898404497606986,66.62663994883097,10.356711336805514,19.494767888130696,Good
99.16452842447319,184.7896807596341,34.66213080586391,48.51097649405962,60.021927512872246,5.061187853359938,20.355026647786822,Poor
62.65054538227839,90.84324326095363,33.23040438023929,74.46572079665575,44.80455735584775,5.775392286826662,10.103689697115101,Moderate
94.90805030448604,153.8528118325696,51.180662252736546,32.96449733872212,82.38026804041583,6.352376640289794,41.29053222858941,Poor
34.343667020150804,58.856968033581545,42.71455633710252,44.6036736682537,63.71749465311035,6.1016041255848865,21.79357053919348,Satisfactory
61.265296645901316,104.61344705885406,49.365862138269804,62.78830671806032,62.90059760738185,6.121581374072597,32.45360003382982,Moderate
76.12117080078004,110.47978390384891,37.749891066208036,60.08226871066378,56.18915702731722,12.86910035956226,23.477613571346325,Moderate
68.80651917920487,113.6710473883986,38.04905179664016,49.88149492517734,55.23045650347707,8.18164469247056,19.636793815706852,Moderate
67.99342622470523,120.86157101036773,61.134221900003254,45.05727190689583,70.3240010107627,8.900221556838437,55.08418854130274,Moderate
131.31051220805787,208.13338439628276,61.93190388121819,32.53095823745332,44.678390660121124,6.171360145794202,43.84398273314112,Very Poor
32.147347400447174,57.09300893882582,25.081871232788096,50.49099673599065,84.3814778873817,11.427757214872436,1.9769940006728284,Satisfactory
5.848581869063909,8.866038131514427,23.114265566698442,23.62679544121383,81.11289686307558,9.420225112955679,0.38793827496169797,Good
70.71698365046898,131.76384948422069,73.09258590142043,18.084411558783415,54.68907679699366,6.764285422601047,45.6391325345473,Moderate
106.8889999012095,173.19834608582917,39.22218950125169,65.71313973936815,47.04203151190436,1.6628644294934274,22.20219912676869,Poor
81.34402112949886,134.8333090891621,24.528407114864756,59.850412440962906,29.771910174668786,8.865185833607482,5.263764990986662,Moderate
109.03328631876361,143.79494516091847,51.75526908032101,64.95027704332064,41.2287919127366,10.302718090141834,45.68602698810511,Poor
102.23209342908372,143.3459036588208,61.86293060868096,34.76262071233152,70.94867239324311,4.084608646706615,32.53686075148636,Poor
113.25563951103598,190.24233020491664,38.41106248416026,54.04943391593202,64.73012788350981,6.818421525203351,33.77356627248479,Poor
100.83088503544651,156.4816912582615,59.75728902567877,39.933020824588546,67.40480347959132,10.148642005843824,42.143089080088615,Poor
28.385011635733193,45.5550561894613,24.397059773519008,48.62809911154625,32.31630547013758,1.7162877715129303,10.350342625764096,Good
57.79407324021927,77.31591973732222,25.47327181271089,63.79375872315151,54.06276569846003,5.404591266360441,5.527487679237531,Satisfactory
75.38991819033767,135.73812607750097,57.878408804180495,41.65131218313281,80.50909209423124,9.507635766505606,53.71431442354803,Moderate
29.23081528143884,51.759102874655284,34.73155648814608,37.84229533456582,58.5595889202097,12.42007375540644,8.442498588865615,Good
5.0,7.056061927165549,22.858352953083568,31.334107872198693,40.91557898064022,16.74311924908467,11.66643304386654,Good
22.635599658246235,38.041334785130516,42.52714728092805,53.74514763043567,58.32596503735648,15.834619073468362,14.663469306813507,Good
81.46674446171816,145.90605354241882,67.65838635497173,66.2051947664984,48.43473872452125,8.575077929264037,61.19918885535783,Moderate
59.6994616543908,100.56448831650854,61.462373908390795,35.2520369694135,65.00518589918096,6.0630924740721905,37.400749506172836,Satisfactory
88.22470960988659,131.12299158541526,53.38528864376552,58.27304788397546,60.308180683315726,11.692489071083545,44.481119616530705,Moderate
70.16887391933818,118.84268445212429,44.731384175191444,32.228430276750984,68.14944996123435,5.82562830510537,32.94251318368093,Moderate
77.37641472169219,110.36020442127287,38.85975394187039,62.89330542973512,41.73114559852331,4.951618860217394,20.971691831981495,Moderate
89.95616832418665,134.12041888461135,48.739018696142004,49.83986667591714,53.26925147002352,6.778935790539598,39.46936924890252,Moderate
88.33585545477891,127.56066699678537,18.96667811760282,48.746239564250374,76.35651512098664,6.277306799291573,6.650760438047946,Moderate
26.13633527405296,42.71082457543287,25.52294297270888,41.60168493862229,39.68579918346778,9.650522492263502,13.570748218552577,Good
55.85662395281982,76.24071620470052,59.446009596877516,56.37259900042268,44.95331975940032,5.590393511462556,40.994627688922215,Satisfactory
89.10089795232444,165.72644311237923,28.673459194380378,38.43679945000417,62.98945964988096,8.340488229191259,9.6411715375983,Moderate
62.83487510678178,94.25906189220136,44.868449989463876,40.93470810072451,64.30094758625687,14.379813805621282,27.1637779625719,Moderate
62.870156279398856,89.99121483021545,42.46552051631493,26.702134830010653,52.667252358858455,8.488562856296191,27.847314834668826,Moderate
33.68626881901443,53.82829576653243,44.25266215383367,37.253016235139555,55.823506760417246,14.066969152487111,22.07006994994257,Satisfactory
47.601926603907515,69.7938824791941,29.06036483850541,38.51789377146507,67.99838342333463,12.808226404263795,0.7332228772671456,Satisfactory
41.41907536406016,67.13793757313411,43.114396482562455,50.14323768430148,72.74452502639801,10.368160946802531,20.566066632169612,Satisfactory
110.8138185314769,167.22974189922675,34.19115450141681,60.1425016295374,43.961675020653615,6.583388840245918,17.625474346012716,Poor
48.91633801984391,67.46737427986578,39.413157484989334,37.78806479178478,65.46479280941925,12.162031909396417,32.42159794931548,Satisfactory
73.93773621738285,107.91487244247902,32.6749766749702,40.99728392654881,82.68024000008583,7.000100325447705,31.65735808049203,Moderate
61.00789975793079,95.35924615208728,51.583560906163044,73.64345515099991,58.26161907958301,7.991961379892156,35.66942189905311,Moderate
23.89648580850361,31.499772545053187,21.928654011713213,53.20614590763809,43.802412693172215,9.320794696662375,19.860205905384035,Good
73.20791760962788,129.0205736670195,52.46305966460496,43.32488906042312,43.10862136759175,7.978530110426074,37.841669256988375,Moderate
88.92578472213935,148.78126255820436,37.214894698007846,23.287480921096208,57.58893838032204,5.118929126357852,6.659899008394753,Moderate
52.37842788997173,86.99091875242584,13.176525704143549,32.08362038485875,75.53770957301428,1.8916043400685227,2.6714290102146876,Satisfactory
13.396583159013398,21.80468009958206,9.711144415888713,34.72922327838248,59.38866225230068,11.836531721301915,0.0,Good
54.31596744377761,89.8488163066958,45.35496110109182,77.1004098662879,62.83847969858891,10.281368507225443,22.51054140642004,Satisfactory
23.178639661672207,43.13060805270125,14.384542617107915,38.262162212126555,45.054874767392946,1.117556030014632,18.700526634921637,Good
44.23535741930143,57.73340190690054,60.71022588320069,45.81629102614404,74.74676449464822,5.012850601852573,41.839734177819,Satisfactory
76.27569637966239,101.3459789780954,49.9911292806602,56.998339096679196,42.815121432519675,8.716261717093538,20.27006119426695,Moderate
89.28914789738977,126.33486230701884,43.710701422087524,66.11136332809863,52.432552735925505,9.770289414242272,34.10064521916401,Moderate
121.64972046727253,170.3559362734277,49.62558580692848,46.230619041750124,69.44872293069442,1.9261853641316335,42.199448648746156,Very Poor
24.994777604512425,35.210560016427394,42.45487885953318,46.46357688094931,29.40852752520102,7.6430453338303135,19.705213865263264,Good
67.8137313295934,115.49806401457342,41.6577546170371,38.83006827724462,62.60941724528562,10.158618381015858,34.470783151607634,Moderate
38.956466623891124,61.38331414001611,67.0125717007708,56.462920589372686,44.41389650412329,6.593952792402879,45.028913234327916,Satisfactory
15.722251875584023,29.79472583629658,21.570323114133913,37.68525994017533,60.2482409836367,9.023318593737574,11.42755837791649,Good
66.02885969058664,94.82612853833906,61.48272524897805,32.49344968205433,54.71916588432095,6.049792471822093,30.372785073669665,Moderate
20.776570705780998,30.884332060404972,43.09098099263509,34.02493069649855,91.58752238022733,11.636785406798086,19.769484252010283,Good
56.16133910777481,106.17550683609329,31.448737067861025,29.31209844955987,54.1031821620014,4.802857144534915,12.382651762602922,Satisfactory
26.538704934866693,47.74458674088118,39.94394104812075,70.23129464915894,87.63977059325013,3.43168704362248,6.953223892646566,Good
89.06794203781647,140.89475450324554,39.17859393840116,55.18743377752053,68.80428436775063,8.115707456246202,12.140271417319493,Moderate
113.82533753173462,185.84924540604766,50.759325793198656,74.71703456340771,47.97811543905408,2.2658961108460174,30.900435086280183,Poor
66.97262445650631,120.94631473139854,10.347840380008567,54.289107775328056,64.96216387889635,0.5,5.837333166573799,Moderate
47.644097539412726,75.68684865553374,33.953232846248305,71.7821246896519,55.43385380493282,12.334941192216053,21.739094638670444,Satisfactory
60.553528707456486,86.20486539590033,66.66140120347816,52.785497488615036,63.63236236111851,4.063102073756725,42.197916102793464,Moderate
56.55778440824361,101.63811229416417,42.66063966049483,61.03439277722984,49.291635188501004,2.6653936696647493,36.735164451284035,Satisfactory
101.3734157344744,164.4949410520066,33.71236090391324,10.923681701844398,85.35266450018936,4.752964892201567,22.042385655927646,Poor
126.64546562177902,176.26839589497985,61.634038280289886,31.508861772966984,73.88097136195087,4.573397474356819,55.345356200380856,Very Poor
85.81970171821838,137.5991473688054,75.77484619837736,48.4585719243548,60.47672352242386,7.431554155345824,58.395546208674915,Moderate
82.76109645608076,128.10772429543815,55.06154731268934,43.73047216763973,85.93672152104301,3.6260530652561327,30.391836473095886,Moderate
28.148977770730873,51.40300366497272,27.7167913487299,46.631446987658926,61.11418866124273,9.992744569024621,0.0,Good
45.44278005218892,62.51259961287055,52.14449549114139,51.50205426177705,76.46437447291747,10.58493652463086,43.296722955243894,Satisfactory
81.27455355988994,148.33629130450802,23.109268178949446,55.29814230638244,60.57450881283636,2.9000341975378587,0.0,Moderate
144.14460776797785,231.68746376590454,59.72891155835532,59.79507447188586,65.90831392215868,5.52761350820645,52.14219166080099,Very Poor
72.75430754863292,112.23215227356843,59.944008162116766,58.279219159390415,58.77841828585831,5.907771039845656,46.25377351113448,Moderate
127.50368594762872,178.14563954027784,75.11321359743141,65.77540693204061,61.429520308109055,7.3399705545346325,56.61318756207031,Very Poor
45.675435469155836,78.58416548677954,59.004587730997784,65.67190868023316,62.55797790581998,12.330734067934728,33.9039833755159,Satisfactory
94.28872273181405,175.00779204411523,24.926116193755938,52.629162230595654,49.95402251267409,12.561253660010433,24.57921349227243,Poor
22.620394919164266,34.50122378826164,41.71271222644997,80.42793782923385,53.98396999615368,17.995469544663145,23.248482994646643,Good
85.77474256561877,123.94030007945774,50.88383411932243,69.04022307328273,56.74867475270742,0.5,21.806097434536543,Moderate
35.3812105018118,57.77469156685844,62.102182262011425,35.20660338261007,63.44566525203445,4.302817107393484,44.71602980512054,Satisfactory
57.501336756281795,102.22079158807567,57.27657129067585,53.980787024369796,59.541314707447995,15.256036724299936,40.684072342588166,Satisfactory
68.69902630979522,89.46403637096638,44.11898883951893,16.841630269788652,77.5954880073856,0.7971987288926607,31.803384501513193,Moderate
5.0,8.394132309186288,48.296576085276115,20.345670817825848,72.70677478469462,15.165060256682825,19.167280381095416,Good
131.7860712194586,218.489392676266,78.36009776086351,41.096567713039704,57.05508665961941,8.589405092572978,69.4381894695041,Very Poor
60.08245509014346,89.57641026643215,58.51586216490412,30.722974377687994,80.72675846177908,8.736531092090178,43.68561920944305,Moderate
87.41921201734375,137.3228015795363,21.66918365480515,34.980793878159794,88.09530935363185,2.8808080555221185,6.034321203398868,Moderate
103.99292382047427,150.60025762064794,40.8961078529685,59.05888682071511,29.342605576168243,6.195347119982813,22.256159760943095,Poor
95.39668426974596,169.2271777622101,70.98419330740309,63.582484332547125,73.98435127599419,14.989505438839625,43.97664146113058,Poor
64.87058260334067,109.02934787012168,28.957372318745463,67.65523163909111,49.60523704002752,7.809267459035093,18.00691618150974,Moderate
88.45074164185648,143.25720696476415,52.64632355816443,51.79566199054968,72.01122031984949,6.22200388715918,35.27321938238833,Moderate
68.63347628368862,105.38778168669704,62.96426605626447,27.97849489212888,78.57356910969648,9.622876785516944,44.26194450504222,Moderate
22.88532460380891,33.75197774009119,13.501342920245222,42.27015596403526,46.84511108234172,7.231129598789371,0.0,Good
23.017684392229942,41.28548297413092,45.06936420395937,63.11473117815546,32.215093514763595,9.380604599225764,28.379434503161246,Good
117.54770460219781,184.64917728243202,60.88204452905778,33.10195021224719,72.53151132323798,4.601034671360315,28.968137303476826,Poor
27.365701701558073,43.808888518267395,27.28910722516523,28.59004148909134,62.03103723725417,7.691389405567579,23.818913164743158,Good
35.292619375322964,56.90925127594407,47.70327841651234,60.39007314577024,34.97341869146058,5.435694938237125,34.52542702419061,Satisfactory
42.66609831857565,66.9439684641016,57.88099075663505,39.68586693484392,97.94346758194233,0.78413343722129,39.862794112438124,Satisfactory
120.88853205267071,175.72998402265694,45.910143993724176,42.962956166123504,69.36629118384828,9.927831148990741,32.130764164869134,Very Poor
38.81903102891657,53.26763990788865,65.04330994484556,62.63672891440978,70.05150060187728,3.064908633777778,24.392589089258518,Satisfactory
60.079317621766286,81.65514397134709,59.92991343893798,60.23466799706925,80.48726628843073,7.341036279583592,39.48931949676405,Moderate
58.324535421427484,102.32908591164842,39.307267722328014,76.45924171962905,51.28764070730247,11.704272983311643,30.735801139115356,Satisfactory
95.21247690758885,136.54580255131728,25.191469579298573,37.83746081363778,61.95681168133015,2.00874617383828,26.539493802067827,Poor
82.72220569752282,110.30209423700941,32.00643519993942,58.4039694546906,40.21017129330356,10.418736387798408,10.315809219916211,Moderate
15.058462811992081,26.78163338197752,19.85920740844763,50.108972400215826,50.88077329072223,6.80074617212535,6.560178221008826,Good
82.56380815610571,114.96490065353687,39.33958584858927,51.917757474772515,65.78490000703857,4.133906396291744,10.031553109288943,Moderate
92.12552582797593,154.31833102851232,48.55851782318983,35.980136364623746,35.02072999301322,16.091693155544274,34.17493591830322,Poor
93.80780283440359,141.0105724282318,41.38562378195801,28.87176862050606,50.455656814828785,7.997774816980659,28.813818785904726,Poor
48.920306999756676,67.3088708917318,22.33418741703937,50.180559836381136,46.080990600934186,5.727628441693035,7.7957385268880515,Satisfactory
125.08820486217908,193.7226753075004,63.61196403885067,34.936034413527544,62.13138368430518,4.879148310534393,39.688767386907166,Very Poor
79.07797721913724,103.50400325485067,68.8778427465895,60.349010523273265,68.62051892498023,11.524649873746785,50.61464269768643,Moderate
95.17475089407742,171.7549241831086,52.967989964656496,23.263381076491633,71.13229206564685,5.551775094146354,21.02259574925496,Poor
27.072207552538515,43.534783850651365,21.775887995901442,23.730536756971343,74.98224967167226,11.026072394164103,3.8852721394743917,Good
39.206022568508665,54.24137565603615,44.32502910024844,37.63371233155004,80.58175269858556,7.9900806755073575,19.363104226471307,Satisfactory
104.26758424506019,150.37347870580504,65.57022713702153,23.10713854995612,69.1086818052511,12.464752257735395,42.81690940192041,Poor
64.61346399131051,101.36464055644953,59.79566071472793,67.47803928477667,88.31003848341624,3.829842210068464,38.22794787802161,Moderate
96.17298183592511,135.92335542043193,30.468296186471896,44.89773182716158,61.79253781897023,4.387747043615982,16.163509709827817,Poor
94.74554908916174,138.43835884069557,71.32308810019032,39.47795288229125,57.400182686241784,6.875978743879726,52.817582066471125,Poor
84.57141322516391,137.05908261741476,64.42384136949437,53.1975382943147,69.1096104504006,7.207734009900896,50.22420098889598,Moderate
65.02173681956363,117.01086833705982,36.116287977033004,61.9069615652889,56.753832375111166,6.581771885211958,19.004909050850383,Moderate
36.098841896099536,55.63206283370867,30.51910262649082,45.54668932993914,87.78847093162574,18.52576162170607,18.850649955525498,Satisfactory
30.318559979039538,52.456722673584316,22.034112915531107,43.58567718721343,76.96475209702818,16.25298801740763,21.10758093930766,Satisfactory
49.87405926657932,91.07055729867963,50.1380184458401,30.99707169683949,71.25417216299272,9.196220299284173,22.39000836917181,Satisfactory
56.585243392768426,80.90448122224475,63.28473006132183,57.069381751694245,61.97129016062026,9.66788829620183,44.25807011892665,Satisfactory
95.43419123145257,170.28467631919997,41.99635655901861,70.47297786703753,53.887842428777056,7.054271279681676,36.37993590714891,Poor
63.16886329793904,110.82606384407946,64.58224707061679,42.60022866328735,70.5198750685164,3.800697865927477,43.156181540258814,Moderate
89.1813561536856,135.03505437549936,66.23821337694238,38.64950985087556,43.093538222295614,7.271711037778991,40.1034771478005,Moderate
48.10721262363065,91.1012046629406,76.36745499434468,46.11934591218735,83.01545300161531,11.084471005848215,55.71790602290598,Satisfactory
48.3596858191195,70.48634199730976,25.565189727913157,48.572658526164446,57.3354494192194,13.222507046272035,14.109216842862894,Satisfactory
42.86849146191266,62.28285788109478,46.278905019896484,28.839394061667203,64.57660099861094,11.982833682090822,35.70537795575874,Satisfactory
19.414428791194485,34.23453976485694,15.616991881220416,43.18847274046044,46.35598385710067,1.960902827383154,0.0,Good
95.32733155232744,148.78636437972636,36.1097781993229,72.65832773031629,70.84479394678831,6.843089287385148,10.245666388547125,Poor
48.34002862249517,72.43642091877999,49.82115816322364,29.147901831878546,53.19387580742507,2.1245297405360306,28.877199210977295,Satisfactory
35.298031866381045,49.671308664013374,74.96812224457172,35.69300832771829,69.73843185457648,12.675374229610874,36.27309919131804,Satisfactory
31.352173342916593,55.15472636956091,32.49840698885775,31.497118975211393,71.36090203466084,6.35046242079867,28.472763869556456,Satisfactory
62.096651712561275,110.02241802410413,38.92211565347952,37.0383987078914,50.285518296171894,7.811559537475868,21.492113717809826,Moderate
101.12005418816089,165.83066006922505,26.320816579098405,44.688441450349195,43.147063186290076,9.920201072020006,24.158731837604435,Poor
49.88707650435562,93.50774593162576,70.26063641960152,50.130031772285264,82.97849874816816,19.064559679247594,50.541614646361566,Satisfactory
14.460168912413748,21.558636365360403,50.35072254779615,68.20533506140421,57.11551448956377,9.073099759158104,24.23951733179789,Good
73.95022714509723,105.87982226777825,82.15161083173277,50.375277460787835,63.37273224068458,7.046915848774993,56.23862433065292,Moderate
54.74743301395718,93.4254028489972,59.22740723572362,36.277879108606754,67.28196786970113,3.03583151518544,41.910256103117,Satisfactory
28.961113430453523,50.82806266329138,37.87027920557928,74.85982757804953,41.19449805152669,13.834557794012422,36.86306019222346,Good
87.88879189718467,126.11545789169816,30.485253144216575,15.583548774477782,66.93999205229832,7.2734541428116986,12.096046345185066,Moderate
57.40271730025563,77.26213211615465,63.12003433108984,57.804792683718446,61.48689804231956,14.628569859710797,44.02857242099441,Satisfactory
15.344137043193124,27.409383783720276,32.29292716292208,34.529212807681226,50.34703953443413,12.422452451794893,22.59344133377251,Good
86.80160302942909,163.69924594258293,28.75523395874352,50.70576029255773,42.65196022743406,6.148175589566113,12.083403629914503,Moderate
96.61780785062209,162.97524404322064,43.70699169980322,54.628842269389075,69.08828321935904,2.4308952765763827,37.69265419619066,Poor
17.387440113146717,25.50250859849734,23.36109194748882,20.536222329668142,76.91568012292319,9.090276468814427,9.180809091501906,Good
105.17362587967136,199.61991687744126,44.00947281647714,49.58903572158687,62.67885776089204,5.540385884913593,18.566378068056267,Poor
98.47634549332172,180.79862947573466,52.304738769500034,55.580552044251974,38.4830198722547,8.157383369825222,29.84826132796633,Poor
99.16939448110159,159.46720152339208,65.78693315005728,73.1070636839746,44.14000774237905,12.19619842741735,63.27632136172091,Poor
63.071139230152085,113.2248531987181,32.0867561156969,90.02361088630992,53.518144360139196,1.3856715375006656,19.69626366311269,Moderate
73.36351397304676,131.2834443797014,41.27081286764816,20.011593690454447,83.46929611741125,9.058455376272855,23.126752210491368,Moderate
77.24920216907309,143.75144757724465,58.69885278307519,69.99755724378463,56.298740068516864,11.038384763542947,40.98517581632468,Moderate
38.217698032884485,68.9659115607418,24.979842154555826,48.83750325629816,52.971466158027,11.232442247024252,11.425564674359308,Satisfactory
122.57124680598994,206.68056074442492,56.7895457703551,40.89188581204687,34.89772800485828,2.5458313152503083,36.64209571531373,Very Poor
13.500999757657311,22.487025302137408,62.99775413870583,55.50585192415785,50.14972814834833,9.677345879095855,48.08890211424882,Good
86.35665792382163,136.47930338696284,22.241180921515685,32.16443812667765,41.50595469013754,12.81414632762677,25.393576729333482,Moderate
44.6554088943204,74.83761501420501,56.279720180644084,32.37034998570799,44.952302536158,9.372935193600302,45.39231422095298,Satisfactory
55.81775501620089,99.1954042881246,46.132768122474815,21.61276838604996,61.799260202381134,7.537223175565853,34.37174884817709,Satisfactory
32.08987393330173,60.374613272097186,42.561983091766905,57.39482776868198,53.98253691583234,12.558451762293775,19.03977054294329,Satisfactory
83.81297892430162,132.45571990333846,49.898110637821546,47.80669401727564,85.4924167900702,5.22272475824468,27.032929711552406,Moderate
78.91278209168624,129.7477588413819,28.49645374284369,32.55023445597182,76.17005059061215,1.880668367186919,24.303639900296368,Moderate
69.30695773726515,108.59591444685007,49.32465757545009,72.68067901880572,50.86674093284492,7.197608740276274,28.685426132752838,Moderate
22.1474230199248,37.67483008965762,48.469980876262156,40.806118177699524,46.247732373892276,10.140180766815995,32.29076848829743,Good
41.29287083207086,69.28746768689686,55.95209438711797,63.096918105191016,80.73962903496289,12.155747045745734,38.822999024577854,Satisfactory
95.33469153404167,124.9552063264493,48.95640521987649,44.85108568705267,84.90063734225225,10.122010296671728,37.63002374380704,Poor
72.38994719310868,117.6117253627835,19.505360617858553,44.43721988546715,27.086276346817016,11.343284274899432,0.0,Moderate
43.055623104449566,58.25822509432413,54.88895403220436,45.99670607936133,61.39286435957552,12.181245720415838,28.5403771684196,Satisfactory
74.22858034135311,97.67220554905086,27.520290241740106,29.94949684024732,56.221825381549095,6.642491974807558,7.35867129889856,Moderate
41.33817373487552,73.3636133022168,42.938268446747955,49.30364002548425,69.73680210089906,7.408242792369641,25.86409121299011,Satisfactory
100.84243535692534,146.74489516692907,41.495213570982855,42.630246817971155,89.14002186242256,13.148671172599503,28.1431561828362,Poor
121.40114741442308,182.63504199188628,68.59605030409529,57.36388297473991,52.739144710083025,3.1593719030772505,44.642225371270634,Very Poor
42.15302745914154,56.419751325473186,36.34713866081098,67.36938144026283,29.08952228004129,9.71653144608918,29.548267993498506,Satisfactory
36.34341677677513,51.1606334770192,44.083686433370666,47.99721355235029,68.68511550223896,5.1331646843319145,33.8882702751489,Satisfactory
94.77233370181409,166.73892700414484,47.00057008459219,21.685282972525457,80.84946102906304,12.401046412923879,41.89584570986143,Poor
115.73567553295044,184.72785261282172,65.18013690796188,62.896729331655045,55.44360327720338,7.928258077699441,48.4162838972895,Poor
45.51239547065441,83.21491291952006,54.777292886005256,50.33507194211397,49.424437797905085,8.030375741512495,28.154791149646343,Satisfactory
24.803815275968024,38.15683212799954,45.64105912212993,20.90083905018247,53.44110891933451,14.915519549586744,31.412691625206133,Good
104.75733221583339,153.07355522581264,38.58007030207154,50.09360595807588,72.75308050696853,3.695828882205415,30.150349533633804,Poor
31.32661594951241,47.25807626936689,52.766485849820235,55.14024243247924,53.183085880725294,8.863277892874413,21.861015533533855,Satisfactory
21.679152637854067,37.45427153377627,40.22720901671494,41.63652448501657,64.93140450514268,7.279495475608716,18.463271648364156,Good
5.533708106499425,9.036564171339558,22.22019314907423,44.94903840022343,60.4170437360991,10.129645264172124,0.0,Good
11.405836142703025,21.015421038523396,30.943552246537536,39.29716216631773,58.86930581365851,15.717323146755785,13.850085982135056,Good
16.282398236873725,27.049968733334627,28.340597126527506,52.138023212477705,70.51938490128349,5.57903396029927,3.3205375018529466,Good
53.03756440404213,84.63792471607668,66.04002405434827,51.53561047448575,52.82130150203709,3.2104091505838195,48.82797726679878,Satisfactory
14.139867901988314,25.048092104216348,45.69346868498024,35.66832917618028,53.54120159726582,4.762690297271975,32.82624012446143,Good
46.90363198409909,87.6403889956955,42.789402850714865,69.87675013182442,71.96404274999631,7.068727671116324,28.110915405797495,Satisfactory
95.62305823292282,144.72622027855485,29.154855579801122,40.97372993261658,45.19612013747021,8.256923334813308,19.237722208783772,Poor
42.36161866247791,61.421200697934374,38.24549855344745,10.042883705244035,46.79669713766509,8.45811518314633,30.44668894851936,Satisfactory
16.506364841155637,27.561179792321155,33.179054090878324,44.72082933014372,41.0952856298461,15.210643804701736,17.280301835169986,Good
63.7828719222882,102.0094582532758,58.58296965270995,60.91703078071521,72.7351636991483,14.499356178619365,32.610278349309056,Moderate
114.54975169582437,216.90125439368302,42.044103072147536,45.21773035599471,58.42144547878099,13.211785956267843,33.6860097438203,Poor
34.15451939556107,53.87592192889337,42.06228025224324,27.419148766973017,40.29577280881401,18.05775454646937,17.079244464648845,Satisfactory
33.74158989226291,45.36890569317566,28.72228464564313,30.017202655324912,72.80712843463603,11.296393826650526,16.79307052766391,Satisfactory
44.247521024483454,83.46947217109134,45.69686670545249,33.45183024811544,51.66686757636847,12.43342033405056,44.43299031892676,Satisfactory
106.77456746995752,192.85111645437647,50.65918868578005,41.985740560221245,46.92482881744672,11.219082087575064,29.207100685630497,Poor
15.731866846847925,22.133951419009197,49.486368905522234,44.66146102972832,57.06482161684572,10.563621255175146,18.28469356102664,Good
21.41466820679304,39.46216148095143,35.152284285047266,50.97164830560561,82.18085414201838,9.577586096731366,24.442405474657214,Good
32.13929977140208,48.350365548759044,20.798012558259522,51.111467163908216,54.07556705255145,6.412571820338718,14.841088699400892,Satisfactory
38.262363648198516,58.398590275668504,49.7323396697043,48.92004013873507,68.63008296173376,3.0128870086485415,28.992246290071247,Satisfactory
68.00635618743861,125.39249224053908,50.84158858969437,72.5090568250618,70.9062003067643,7.4773841241515475,42.47442461496703,Moderate
45.632382242063926,73.83635857237863,50.9196186152449,59.58262021070456,66.64909947009609,10.263094798688254,29.58493998608608,Satisfactory
61.18990307758295,84.60469417940543,88.12088824324843,55.77885500553673,79.06607474511392,8.28904760389596,65.45450165513077,Moderate
141.09165211578662,214.6615936975479,55.33329413348501,22.923918822429286,49.39325993051582,3.738657223522976,36.320393520735024,Very Poor
111.61685612404203,193.46086102182676,56.582531512633636,39.85292056679136,44.349977354244956,7.336467800066487,33.44931671763319,Poor
6.035427465266949,8.476821324455592,41.27081846103923,27.233540031451845,44.055500159625076,7.127988765667448,16.375468035512917,Good
86.92416672632496,143.7846297504797,51.699372165053035,36.89761312821516,57.8329737705031,7.750581432124879,26.42199829736,Moderate
39.95482880918068,68.60901282628231,36.844999259505,62.76414066384323,45.79430013239207,9.963661395706637,18.314792354494614,Satisfactory
70.31597913959084,105.91781338842354,26.232611419149233,41.66494895563963,62.213113677979926,10.82503214764121,0.0,Moderate
96.78268307360896,166.1108688673847,61.4677539679894,63.85565866822418,61.1548262958734,5.99979419610179,44.61393333193212,Poor
100.65330403757292,184.24833009840498,43.22597887555369,55.341308121384294,75.2785995477906,11.924484752050056,22.328241666746536,Poor
13.532533795286112,21.425655411866014,61.148289555849374,47.88335867587236,64.3671646235406,12.52655247867325,18.59399888500041,Good
108.7537687317918,166.36559886459543,51.775499647124605,65.68915170888907,53.75772216207828,9.281207732194181,33.15855050937697,Poor
26.15360918902857,37.94091114993661,41.936664492563544,67.23369253324921,66.16273806649025,10.659001087812273,37.68749328332275,Good
88.48102308033039,147.10176140985777,41.09018633562411,57.90639111608049,44.54708970153089,11.936925769847795,25.18837750640582,Moderate
60.186437807166364,110.01546549059034,44.480671442140064,51.5639287684049,59.42788967963524,3.6094214016821144,29.960974985864723,Moderate
72.99355796723891,109.11053397301042,54.95518118470753,56.5423284383377,64.79101850393371,12.218925339927184,41.19281110971605,Moderate
68.34304776813661,105.09392812710895,49.76492588278943,26.513246894963483,61.939763972251896,4.839756509608187,24.597096080850786,Moderate
84.95368777106208,131.1663964569934,60.12623669511724,44.99123276005107,66.22597642403976,5.229193453486486,34.53500612645001,Moderate
44.58881574873039,72.96903537962855,23.755115710167292,49.57228040139248,50.339309764308126,8.785156671259044,5.111330724162745,Satisfactory
100.45315157769804,144.35573707383057,19.107198733074018,39.01274112872299,77.28047104214274,0.5,11.38021502358377,Poor
47.7379316190333,85.60970704983461,55.96755160555031,30.691056230842545,87.3325342409356,8.702481232903041,39.08309667120606,Satisfactory
15.683339702080627,23.16996017358926,25.189848434476133,67.77870675911545,35.959857827121084,11.92712378782321,10.596620412490523,Good
96.66565066750238,166.57595195101797,51.84409459780005,54.19766686102148,41.766030060686276,1.4163046142159335,33.512063206699445,Poor
18.55014353042894,29.827321992809367,44.047821302820225,51.785611958812986,60.64624512036578,12.356037298185804,27.795018267043908,Good
125.67993340172701,207.56525648400867,51.8105529031856,70.13835401065803,56.15173529170689,5.204849525890181,24.53299106219657,Very Poor
81.39247375214714,114.58149561418577,38.01421699064685,39.38083745382854,88.44618608659174,8.827447121971202,17.573058465484078,Moderate
109.56304541581889,190.75078706676976,54.95455709065061,41.50895838156459,63.296764851366916,5.785701971978153,43.640100271580636,Poor
66.12041520696575,93.43953999044678,59.269272606947005,64.24176110541062,80.88817880588937,10.291673936516183,55.94836731779753,Moderate
35.73546719331897,48.88912742415981,50.66848088391551,31.786280963627764,29.263141703196,12.099790224655054,34.50288243900292,Satisfactory
43.541238283407715,70.88547119001713,50.99812583001328,46.32535834970141,72.21254224998528,10.58804145752999,34.83736073509226,Satisfactory
37.6403219479526,64.95132208654354,35.688850507294504,39.081913955913734,49.26724771112519,7.9840754020252,19.76504055213759,Satisfactory
20.341517463462143,27.05465560688271,37.055277381599396,54.584814491186506,49.02686145570514,6.096578653626299,12.0585415226343,Good
57.8589396294996,77.62570512097845,35.401296856816025,57.32454810005799,56.27462960381814,7.722791882515548,29.403916427907383,Satisfactory
80.95189010387803,144.22449435586688,27.75402724424934,61.68761190345396,38.63124540403362,10.623885859838566,15.393755280628861,Moderate
5.0,8.927098098521997,23.49310406362548,62.0652296525116,66.64178287982779,10.761065596691676,3.410848075262674,Good
90.78625902891918,131.38431528795982,53.37045271529557,43.63994519768663,62.86072450075192,10.203306328704489,42.051687185483736,Poor
122.88366724446753,205.10966606919496,55.650577735988435,44.348104023378966,63.992883722809054,2.8696898337718224,42.782501823777494,Very Poor
91.1404957358524,142.71763550597007,34.92366562221984,53.237940148877826,73.30546533199359,7.90791016625836,17.117418405703585,Poor
124.38851572360872,208.92514333732285,55.781237804578815,56.76817926100938,82.7217306929123,5.466284143211393,33.65946481918866,Very Poor
39.311455058987626,71.45751569560278,59.72176638679103,29.586575890187326,54.54433426368679,10.659716079623312,45.0292840168765,Satisfactory
42.4908738798307,57.27403760303123,34.01038462452084,51.27976570098575,67.1602595960471,4.940112986485613,33.075400305928184,Satisfactory
75.90964712634583,134.11645521219535,26.07003620552539,41.1923704935724,64.39482312502469,9.8082150323369,12.102680308518998,Moderate
53.31934396972843,85.08794020727365,47.8222131236998,48.1744450367786,65.66421759493409,6.871248956741881,26.50659880144352,Satisfactory
56.76747549917882,93.01215562399392,71.01331628069931,41.47187720728617,65.88896496698975,0.5,49.902141300629864,Satisfactory
93.69917947928684,158.57263244469985,56.87772271407786,32.3872908719212,83.85755016847259,11.72383714355199,33.70539965407669,Poor
98.57012236731516,182.707005102654,63.08770475266438,34.10118166311954,53.104846972660596,7.898851112544169,38.086981547742084,Poor
22.211807184859527,29.63126094341262,52.55949267820296,50.31184748505677,37.11396145194477,13.103909183062767,35.124438290536716,Good
29.55316832358431,38.941790578199026,37.555916514250754,55.469708182186096,49.53189347076169,1.338763685289451,17.1673296303262,Good
24.99237175652062,35.163194111245055,30.507321169607664,36.68308219828783,71.35900400303107,6.833914756330016,20.687321710760358,Good
106.12277244331122,200.77034471011888,34.17807711792217,65.77719097706158,60.349942629707655,7.134382316160541,35.08297735577614,Poor
84.2466293914252,145.666282434278,46.68710836165233,86.27955316650622,52.98600989257506,9.080825164953247,42.253076700306124,Moderate
61.17704659973048,102.09131760915427,56.23401642386791,57.42636861998808,43.85254097385537,2.699250783372003,46.49857426376824,Moderate
57.23299065957483,76.01819928028019,24.537938734982905,46.71760876660814,63.31929182595799,10.176151427095116,17.1284168284771,Satisfactory
36.16645078019485,66.09296399992789,50.503711697660975,32.38254006780858,69.66759412910713,15.646649625124134,36.49680802015791,Satisfactory
29.534476185739212,52.79742779856175,59.32838942307613,52.633255160231606,64.58808082644042,9.898149385862126,47.80566167578465,Good
30.11930803564872,51.16909082835064,41.17701221232816,70.91762699398934,56.2000450326758,8.371489607294048,15.193773445679662,Satisfactory
64.91985557485377,97.60560638465947,59.317994430994005,76.78726729856777,62.19961926446194,2.4901703718985058,52.30120703699661,Moderate
46.83732133308012,62.869875688719155,70.25035650661819,68.51980807762811,62.11264449836123,4.9030155457719,54.584112410162845,Satisfactory
68.40422228762985,112.73173797097205,79.0805240375577,60.08055363093865,62.845453968264934,7.776620396708909,69.37629509432492,Moderate
37.36987822054755,64.7177807816002,42.06497292058998,57.70581540376482,42.235425734713196,5.880894116628683,33.46400161244992,Satisfactory
101.39067860504265,137.54093803867457,44.37004149779829,31.678000484949607,62.95989525922317,12.10502570508394,33.54637014393673,Poor
111.83612630666653,187.9138362288495,41.754346612441836,47.825966187946506,53.391052973007085,10.134812803874551,42.40491583675977,Poor
30.411336044338025,44.76000169096669,63.75711070131619,41.639972119903845,75.60927909014639,18.769514350587883,41.96704009574125,Satisfactory
110.88734698779358,195.00055956922205,73.42404265342488,46.20318354364038,61.99377962625411,4.0765662543028345,46.895502914934085,Poor
105.57283653661418,171.42595309049068,55.44471899994997,34.702379142129296,72.53218832734338,8.13245844556693,41.76049770697656,Poor
45.7882477616602,63.069743136538094,45.80066092714097,60.2732736876949,55.47327919425371,2.4660305098628355,28.40907136442942,Satisfactory
133.44642073558805,215.63762840487178,61.13009840989541,44.68916961172873,56.014292435828125,0.5,48.32995681460253,Very Poor
80.6550480552159,124.00246791101854,25.977338726907696,38.191790154078504,82.41376869384499,10.89088391781261,13.931187754609116,Moderate
45.7390629384517,64.41036961072314,52.7182294274796,35.9505950715875,66.54502782623263,9.986461531869425,30.087785050880647,Satisfactory
53.891109065706516,97.26857118498178,70.6629774178852,53.62804342133277,49.28228201391392,4.58163826141684,53.45603424074699,Satisfactory
94.71212127200229,123.75247430461832,6.82459724034276,67.76069457497552,73.45461657930711,8.372118478373695,11.246302528195208,Poor
117.26730719149649,174.40896486563582,29.577192651265374,49.44678975112554,52.00042899858194,5.482929604297821,19.837865145042556,Poor
47.58878811992071,62.225054117581216,39.644098433031225,51.54901381355976,63.38547206717285,6.023170180626896,40.07620936615937,Satisfactory
75.07844911037171,101.92681543198584,64.76112640179672,71.51888455302277,87.55011946289108,6.718861548934903,35.908679598542285,Moderate
113.77373309619607,168.18690059150714,33.81252681707478,70.34548525168351,38.530764185429184,4.413739290382889,16.874618885156327,Poor
38.23680717456362,50.9529434374538,43.30699345671334,57.34351802858257,57.36327117350196,5.133400360720174,23.757089959047892,Satisfactory
104.21284250188155,172.78263347265514,28.233081073578635,54.96065157115549,66.12407461353045,5.246258224222984,12.288269060244914,Poor
55.82971804387779,75.48835245384505,69.05812130384842,36.65991637911227,71.47047501997011,9.691515387013323,44.707274992808586,Satisfactory
117.2671749093869,201.82011265960114,50.4312430522033,41.210659988843474,41.38149138958691,0.5,26.161779634942025,Poor
46.007919290372755,61.26346751889967,69.47027133110441,54.72849310080057,36.96314597137473,7.089482954060789,56.882338661409484,Satisfactory
84.08728171948245,112.30574048269376,61.838797739942095,47.229363521403066,76.36124027985639,3.649272493849307,31.216503660600324,Moderate
51.05430528396975,75.72351786536882,45.51605104192416,37.41477153491881,49.19377714794244,3.7937892550988774,26.70389544895685,Satisfactory
35.61204653001706,65.45290860783874,31.041905621450162,60.836297483203545,48.56576238004027,5.8973865036651,25.247673580623037,Satisfactory
86.37923478709116,145.5348400366144,44.503452125010696,39.18978265422671,83.2537450915825,7.942641160107368,26.337002472113575,Moderate
39.52563713246624,69.64728626569004,52.635610046116625,64.7007040914977,61.04553472097734,7.142352553173227,31.662316427007045,Satisfactory
153.7514667395751,212.9352134327592,79.85170426342113,46.94015764011506,61.143573415223614,3.7437579608071827,67.68611364867479,Very Poor
13.659850853482567,24.59422351627968,39.13353009171495,46.3805948849166,57.30300832272702,10.886786073782307,24.91710494850961,Good
108.09677119860206,141.05415243449025,56.97911880942708,37.6109994576398,41.64026899885245,4.389584052558037,25.404698088430358,Poor
117.30127539518205,167.48679739771683,38.39861724700029,33.55501312503733,70.13545424091582,5.061174976295529,30.98390768524768,Poor
43.48511680829168,72.60515978071858,39.60899523476792,66.53811391038714,66.14175782888435,9.137967143578066,46.3541175951639,Satisfactory
14.100293865803465,21.505032805502587,40.76914067295624,51.52838222881639,62.53036988009149,9.281474257170967,8.685231583908312,Good
46.90826791878287,88.68083267599572,43.33537277956303,54.18850482566836,58.25515441085613,5.553201355468086,36.82639105364468,Satisfactory
38.30102090777093,50.48854165613088,33.67181581572861,72.8866633012617,55.615205259925695,0.5,17.73862235968257,Satisfactory
46.83184138880215,88.94110841261434,51.44972406033982,25.498720526224115,73.68725084321122,4.458036453648607,38.299090334264235,Satisfactory
35.88080527239728,60.070808154122865,50.188228703722004,58.49271494523914,57.88060405190858,8.647552744961025,22.593600864593157,Satisfactory
5.7499352408442235,9.402433235618046,31.47885103701494,24.37382014520444,59.03908442199166,10.75443221476012,0.0,Good
92.52300749297297,123.5836718424279,41.65029400343951,39.8455414045481,67.9483973232566,7.6828133698862136,35.54366404031228,Poor
124.15299199697871,181.75964829841843,62.73073142516593,30.1998118373308,63.11941396020579,6.084055811697539,35.417171555203026,Very Poor
49.08008011261467,91.03361543749736,49.88969836525715,55.95203001636169,84.63414086310658,17.172844022797296,21.313795372808553,Satisfactory
70.2868278809203,106.31217295739621,38.53719741546923,24.938205051525554,33.57949833790043,6.510055513978582,20.424842097854963,Moderate
51.83067468257218,87.9562361590043,36.75680865387555,43.649010014606276,64.49861157550895,10.448930747164423,10.32940912368521,Satisfactory
41.31513610241592,78.48627358399118,65.69948884233281,32.73526444344085,49.415913292917466,2.6597916182924157,41.59649912308307,Satisfactory
100.68644203473394,146.78490674095104,56.89049025349471,38.00413401520461,45.86870197867606,3.639328603164132,43.233236737002116,Poor
106.36856623019315,175.04527437929175,33.87228058972292,38.860525155319436,53.14403690933479,10.5893024458489,16.814236722361652,Poor
85.13259814172108,146.24611282633225,44.425509172820895,67.62252983703421,60.82019112722642,12.178245103141483,21.900983106917238,Moderate
94.12059992603545,131.65366903039103,33.11739713153751,42.674351021756806,61.48603613885115,6.441132439226384,29.05066318291555,Poor
93.35012426482162,129.682322921753,74.82622796186317,78.46180408725901,37.2404067648226,0.6054572334779174,64.0629792155332,Poor
49.854746349831984,78.46063937066545,44.7562736220238,78.67204639173147,51.88374255483271,7.329770642395098,38.176826213833984,Satisfactory
97.39361375705438,149.15710332028632,45.652516171379034,78.86159337492393,64.21832327214689,8.757623603118246,15.84876727487431,Poor
122.780056999399,212.22892132753367,48.176373182103205,49.74928753806881,46.84604323824518,8.395272155715297,34.55670464235758,Very Poor
36.88433968138481,49.487912667967485,30.625653986132715,54.499708804719965,43.27824142925227,5.746441340155979,9.349626890428773,Satisfactory
84.68861037186177,159.49405773212249,54.94557369608823,60.437731565420464,26.158015387605836,7.388463522956247,40.769854648742566,Moderate
117.02620566374007,153.1365359598763,67.35201712918469,44.47726291671462,50.05209827436962,5.000892622863576,55.13321090316728,Poor
59.50596843999585,98.82692295482592,71.3649180493264,57.81444147948172,42.755562015737794,3.55264710505256,55.19687527625937,Satisfactory
43.06202593564626,70.51749337762902,51.0759129784865,36.923855542280464,45.24100675334913,11.02267408258722,41.02340255211508,Satisfactory
37.76001520700622,52.140140596866374,37.536074384039665,20.683324467874286,55.9226954508052,8.391193253610842,21.248814661978056,Satisfactory
8.940639565877806,12.432402679344298,27.7910823091786,60.511505620952896,51.00256685185653,7.397265765510681,10.486473652288112,Good
59.74150547905427,106.07740501089395,24.711509515570697,46.25211411083037,42.50643159211041,5.971409028911355,8.996924349463363,Satisfactory
88.25397333536849,161.72871345891525,23.12845526196198,39.69714712511674,28.262376521501594,7.27930577385968,0.0,Moderate
76.48620243840438,112.42019893757909,52.791085344491094,34.33967154451841,64.53466957721464,8.641265715147986,40.407836445118825,Moderate
72.08721817184076,112.65634591633732,58.50064033626626,68.46834567005556,71.2924082071271,14.914726303257225,28.457467196634006,Moderate
37.430354991631035,56.63201573292087,64.30613111144145,56.15192680081456,54.04882531508439,10.618147399308576,43.63824249679691,Satisfactory
120.7149459366721,162.18393496800417,55.48394461273841,25.96271935240755,56.013364553185845,5.334763512203656,51.42047227852182,Very Poor
83.01225662646516,141.44645579377894,52.7557483949915,30.18677226412379,60.042157735291845,5.376945029177236,31.498583158536146,Moderate
77.06832248427555,138.34656035636863,43.45464415106435,38.88545518290795,83.68175364918378,4.7532755987016175,32.18942414569725,Moderate
18.042181915450847,26.75524978707685,41.817196752527835,59.84926375660779,36.484383092613434,7.197917874988103,23.035194832538004,Good
67.5427001248969,127.93299818244479,36.4782968431537,37.32489850202497,53.782654111911455,4.750194199036462,24.808733742413878,Moderate
68.64110778917937,92.35736107757033,39.27911271937519,50.57171876971824,34.170405538009206,9.899294979958503,40.92704868709401,Moderate
68.24826895376741,115.82239201640911,44.47206914664116,48.631312447245975,65.43477688103339,0.5,27.38437454452034,Moderate
86.99746208717296,136.4935205334102,31.218070428053203,50.46090131790417,57.840624093179834,10.140673237098977,25.214884998707642,Moderate
95.86664695295991,150.31517710799537,50.110445507372106,11.463980376202919,63.044881694041166,9.101509951221722,29.725247108357234,Poor
28.35636384184293,44.64957235371865,60.36373625328362,50.86525288927274,62.296838438866146,13.050969932590558,43.29495294092384,Good
85.32346640720992,124.16348171163509,32.81799261776897,19.034980594784216,74.86062380555273,11.507158218215812,19.610076632548463,Moderate
54.31905192301647,93.9359841231454,60.70616131723946,42.08962388378026,68.07199446852698,5.265208858983787,29.00207223671951,Satisfactory
105.617978491068,183.03024444541316,40.39695107157376,37.98725042339227,72.45761936490132,11.057192323754029,33.67916756667645,Poor
71.4529511959325,104.99570071047067,57.66829448835141,35.015610581688044,44.01697965154584,7.327730091142797,47.40332855377859,Moderate
111.04159753338512,200.00633509960883,34.80396085413786,57.06799546509281,77.89756297462716,0.5,26.410548348008717,Poor
79.84347368519266,118.97531634312935,53.63991254637552,33.30745032001567,49.16455890766501,8.635327758915567,19.232649209224167,Moderate
47.483590444900535,82.38668253864496,51.279080385491824,42.15055528705997,50.02695686064029,5.5029863177172205,22.734585835914668,Satisfactory
37.63536214612582,51.65829283191176,49.839300431064174,60.36848486298888,64.06263866029492,8.000886065588,45.79586149523069,Satisfactory
90.32450952112984,126.56459826246311,67.84497319791805,38.82173912100726,64.52877394573915,14.605799321100974,60.49957947905197,Poor
17.77794561181244,26.47984797086514,22.931000247597773,39.83792054641606,43.922147966512824,8.899147610928633,10.293632794709506,Good
72.48248312989364,120.05449527662502,27.807612054454083,44.497506214532244,57.40081062339155,3.930660595240015,13.570475773952143,Moderate
76.34286612541445,128.81384411402942,36.37899814885452,51.64283185795805,82.32352975304214,11.857660022464815,27.46804819946782,Moderate
102.89134765851425,158.2277243679705,43.65189900082828,74.09962375651537,37.97495157698857,9.450170280545754,31.664341441020653,Poor
119.69862351851494,161.1985542639747,65.66306728747242,29.502518307894455,82.27828861519089,3.4593526838723667,41.80454348332493,Poor
58.374329055693416,88.97303104912358,50.54500307251184,35.898865872258106,56.37452322875265,1.5750489301013761,16.633004870977704,Satisfactory
31.445223448892712,53.8738595497651,20.292842574212848,50.86823342640744,24.933677498472704,4.090649763125118,14.053364450258037,Satisfactory
69.05484352283497,117.57258852341734,40.5353195811663,55.552304969456344,39.49902399775641,11.345207202686888,32.071307297004445,Moderate
81.16709584805602,113.31883117756941,45.22006583224509,39.3367326532452,45.5478369339721,6.793591465427816,26.123989196892474,Moderate
102.86955709383126,134.21086436638078,46.86828835298718,60.200238420640545,50.641060488258866,8.324570075821644,43.900814966572874,Poor
125.40859800623969,219.68939877785775,55.49481351419999,34.55497350408758,58.42930112061993,2.6458813168953252,37.31039704785576,Very Poor
62.56210684446266,85.32350885194738,58.81844349008628,27.597621546845275,19.44779805357642,11.452875916069694,38.33069021449828,Moderate
89.4496476370161,120.70420307461008,51.1947222241281,55.41621604005219,62.8020658871648,0.5,28.432779804347003,Moderate
132.526995485423,172.49988462176168,82.89748970264068,60.87911362216833,44.17364237512673,5.37848993572926,65.3337038785231,Very Poor
18.09952841623378,28.227314936338605,31.408413871233027,59.498191819688216,80.85783857401589,9.673855436455176,17.4337802760936,Good
57.18037619612729,91.60058056262893,53.79257626395582,18.932033204875058,55.947349188840384,3.5094742198426188,39.162147506321624,Satisfactory
37.64373323973656,63.3392863615307,20.422964485366688,35.18723571195899,74.14269257599095,10.456517117801772,10.95465019390339,Satisfactory
52.99497132376202,78.30739957003043,36.2228955876184,40.903080537276,76.6552346987144,4.523224085793591,13.897984833908215,Satisfactory
62.25174780927916,107.462380321256,51.627716553747334,71.1045528708696,76.24909865199325,3.0957176287347723,20.889816018518175,Moderate
98.6536811199072,138.27291209431897,72.69347223688246,47.31119930420157,51.50389885556272,13.145928258577898,54.43985004927039,Poor
77.32139383305511,139.1161903200094,45.00256892451283,29.53985015278207,51.311997634180145,8.61572077239602,33.95841645681028,Moderate
101.99313422691439,167.58583651456465,46.98688089624474,53.12602686918683,56.62540051067528,10.076144312198505,21.14282897183437,Poor
46.45155682465891,76.66057865788063,70.98006395861823,65.73313126080492,69.54356063068388,12.072838338210786,35.6165448893186,Satisfactory
53.10149939171628,75.71558261354417,49.41969457213978,65.98166995367501,52.339570953687556,0.5,30.52721822136763,Satisfactory
55.8427865990419,75.07868602213655,44.79414226745922,56.78475988568772,58.21106289614628,10.539130559881277,22.620399462913202,Satisfactory
83.22770368660362,131.40280171655272,33.56711919938728,51.118704057604134,64.10390724509175,4.955899262022611,9.050567163176588,Moderate
81.31108907986236,135.73806276065318,53.58466541410202,16.698391136380216,46.426621109282,5.482908836904343,51.578137267684355,Moderate
63.68964696678671,86.42862629538635,46.54356735610329,51.28932169079303,45.47837567506323,9.749764310662346,33.14727193065063,Moderate
111.81876397647197,209.13694720467248,72.23453666957744,51.14689558218802,57.62604177894014,6.547836906362189,62.60607560202358,Poor
16.997908080035003,32.09627640939565,66.37327506846945,45.67881844137868,59.61268222427462,10.378084301826082,44.104824308113194,Good
42.24671105338259,68.74697521082508,60.18977074742673,57.304841872335544,66.50828220002465,7.836628129935673,38.26979587141564,Satisfactory
105.51459072649791,197.31666279277312,40.15884762180736,43.344373233554904,70.07829862427334,8.672836058736229,23.471935070745495,Poor
83.26918422526366,117.21529462072252,27.6218104158619,45.768740386672945,43.51405769142527,6.039113631938843,13.569816542146249,Moderate
99.0374090188637,130.25919100192144,30.567864031751697,66.02122062061451,47.818726020846526,3.740266843367447,26.734035232673293,Poor
49.10278503050774,64.9946913033698,31.698749749355187,44.70842615605405,45.43871568655347,5.03872971700998,13.135611086912537,Satisfactory
52.86156188326159,87.35412682128434,48.14102522163451,44.732468877312584,81.18671102387133,7.588703478080222,39.75285571096131,Satisfactory
59.47703232402248,79.51990779744057,60.412798002286365,61.82378096583584,58.19594114696197,15.348953571098155,54.489787465456956,Satisfactory
29.373775644468484,55.07957049771401,50.88783452039944,32.791580845466605,60.241939428675316,13.887625596454168,26.086316008243045,Good
106.61007046299179,147.6719973619482,66.32598648765543,31.038881925538924,60.866615460202695,5.386816088562421,44.16736458586796,Poor
65.92538995493788,97.75638883174257,33.786654287276434,70.51611237591571,49.26494979423541,8.241030709329902,19.66156394674715,Moderate
52.67040425749606,94.46493261888895,30.36434343373969,34.41651138786578,83.46404278419045,6.8491081042158095,25.462997426889736,Satisfactory
82.24021892495556,117.7058358383199,29.39149356641687,57.153406510835325,66.16539982228092,8.521066475476097,17.775540231518356,Moderate
60.348933146979185,87.25134544473264,27.946031690617538,21.251412933062053,60.59385794666923,9.035650990171105,0.0,Moderate
94.72535419309936,159.64872645425157,50.24854871190869,13.769995366821668,43.42115368274151,10.110060063022404,29.451999751220843,Poor
142.69675070746322,209.1437285654727,44.9596600781908,56.949248350147634,42.57101262515633,0.5,31.92677606396629,Very Poor
99.55721523320597,142.41346834368136,61.85914889829736,47.01391281797518,55.366387025913475,9.465994663547761,45.98791498142456,Poor
48.86721126845025,70.97994828780914,41.13984106738083,55.7044470056762,49.50012309642255,6.404315883133412,41.931573790039316,Satisfactory
38.42409280105873,61.26293166974163,40.71666904074819,79.32296507578724,43.988334816801725,5.180248343073584,42.134293485584934,Satisfactory
85.56971616504197,160.8419661525842,49.66752315207712,30.55274676002889,54.43562970642667,11.177026712648281,15.389456653231846,Moderate
102.04967437158047,183.62234324465325,57.25542337867159,49.222102498524116,56.753579575861664,13.867297665619073,36.89245959106038,Poor
53.24141557453994,78.30567227023882,68.37831504807554,69.73663502235799,62.12678130690405,10.756012576165627,53.73890948222388,Satisfactory
73.01197920144406,110.83393124661235,48.95256651250651,33.1169067116729,52.44120792938605,5.925793571155621,35.69801776063622,Moderate
132.98255596349932,209.94053856158283,57.591341860125674,42.251896547387595,44.88598958009953,3.6959773994443577,57.428904195974965,Very Poor
108.51618061671826,204.8088586337873,82.20175552000687,24.409484597949756,45.406186710131294,0.5,60.28449166679795,Poor
57.19590037525888,80.27068731938084,34.28056824601961,77.92882069985018,78.19459093839282,8.730063986325423,25.97297594562532,Satisfactory
56.699263580029196,85.87045988021383,43.22477460408015,18.687165466568104,41.22363470457387,10.316064431177747,19.545903823791427,Satisfactory
21.333514223023023,37.07030166030456,37.77626689118466,58.889238644777826,65.44773447436906,7.592545959607879,18.57806751871575,Good
5.0,9.391831202806829,26.115410715618633,26.64436159897413,67.79319494661594,11.734984835351968,7.257962698451699,Good
117.10893782092398,163.1801944543209,29.582630305373634,32.600442941526566,58.180867862464964,2.7192390566700304,22.223956508767174,Poor
82.88591362829804,119.05964486328278,52.99108353432849,58.65582188313273,86.51743587607768,7.315044174179805,48.1149817463437,Moderate
77.26961514733458,110.91410407010586,23.119475090500707,35.35718653650026,67.52578489541548,6.99879616164844,0.0,Moderate
57.27526229239682,75.17717346779828,33.62811368572457,52.24810442349209,87.64354572456976,7.559565262975735,14.438198989293804,Satisfactory
86.95612165506644,144.56188921932835,45.66106212380507,70.6536657634195,50.234039971276914,12.671726651815629,28.093028375220037,Moderate
73.41804004622952,124.98847515416186,37.44633253171655,52.91229101446568,50.49081885159872,7.58063110360495,16.842221990674496,Moderate
67.60245615709627,112.32253104664986,24.387691831740693,59.756676262172405,67.91305738020023,6.820830196909882,22.090710836396696,Moderate
25.737439208110573,34.56007363303556,48.2047001148228,49.99449484599785,56.078015440211956,4.253226080757875,22.315054883665447,Good
50.255002956920684,67.41899994842973,40.676009104251534,44.84809500450214,85.28498137338026,13.314317885685838,26.136896699073766,Satisfactory
57.901707450513435,82.58126412357163,46.50952177948203,37.45096241153378,65.12550575446406,2.275215109685491,19.05817955835392,Satisfactory
86.97623626188266,128.21834177022203,19.98202957466337,80.06661416466704,44.33138670214927,5.7880022686103505,17.83180179216678,Moderate
45.17014241263114,80.03815850714551,64.16538961415606,64.35311663736202,33.947753871839616,14.775748268389972,44.01464618881847,Satisfactory
68.79162625313172,96.00794348294352,65.64696578346876,56.06179489381991,58.82642111485103,9.872973192286139,45.74481266790518,Moderate
35.777601372214555,47.45739002901192,16.47360345230672,59.82179075979376,58.663153057001495,7.919293393194919,9.29184982128886,Satisfactory
27.76932873616825,42.6645885287952,14.885951059182908,36.89934720332969,64.70648884962581,8.086768222105137,0.0,Good
51.730545783642626,80.17382605162157,52.87950930160598,58.332506566519015,78.16035860633855,4.214488050568729,45.95062274356397,Satisfactory
99.94135141972936,156.9623300918544,37.316895329588164,68.10087181039691,76.1866995599089,7.725891020569901,11.567993721717936,Poor
73.2749969315421,131.61230880175918,52.34316318232044,29.026238771502754,51.31648451495351,6.600536644016827,33.1911725768961,Moderate
67.16096949906631,91.2585435561206,38.6542203213331,60.00490022848855,40.59270897293368,8.718514397820016,6.514921904576742,Moderate
123.48569617102251,212.68747188950243,66.1433237752613,52.64421445253409,41.488182974863946,1.9750344574947656,49.46632477889508,Very Poor
45.49390182375291,68.36674994942271,87.1974700816871,42.42263107033171,48.94797442017932,9.591408031077277,68.15501842952293,Satisfactory
63.863040805180006,94.89971750791823,58.8439792053161,32.70135478743913,54.49902677941471,12.066518699545234,32.74210363808005,Moderate
50.066729195129014,93.1003784475832,50.165028057858336,62.86360852792417,64.5759320844775,7.184707499517706,28.58846027310725,Satisfactory
101.42565465534531,146.97400070207834,39.577650111319905,53.52274773456227,47.985486046560304,10.588393573223229,25.16790637214904,Poor
34.62217410188539,58.3563357739251,52.99193514063202,44.05187403412694,64.20587956669972,9.24138509937831,41.72698966969368,Satisfactory
56.777821095865825,83.1838601767095,54.025903717388616,55.04961126492018,65.43060218788578,5.569039439335777,38.51530126401879,Satisfactory
73.47493833627344,117.87483913992783,66.91989944144439,45.65775653942556,62.15015823893834,3.7658972541715405,45.05247680329297,Moderate
26.143719148361477,46.32080722430382,32.39430245010227,40.8247931648319,43.07065504480957,4.326446045117365,20.58125216102876,Good
83.85984186935457,153.38246126699406,56.80881724590029,48.53080054347536,67.01740087853938,9.17157027661886,35.101765596069676,Moderate
46.31881319292629,83.52293362999373,42.257739645948796,41.336101659972044,91.21904443150085,7.775419472059182,21.86297899940706,Satisfactory
80.14099080679392,132.17721266278815,22.694389765458418,20.64949024648582,63.68845240369357,13.100372087526791,14.134265278949186,Moderate
67.44460080628653,97.74677128541899,51.274573889976665,47.415726380314666,15.703873490230954,11.163480448815577,29.384768684948046,Moderate
95.39794441490916,161.86551106440058,35.681446242728214,25.31143626584318,78.61319358070354,11.155139932509204,16.16230904434377,Poor
76.5411278988836,132.10562601159654,58.4411207800026,25.33720920276268,49.458783349509204,9.05232320684889,47.60590496613882,Moderate
29.63741215021436,38.718765545898584,36.38350347850054,48.21835252235221,93.98569035743539,4.151204202713341,17.071194329762655,Good
87.95567413121593,137.52101031529799,47.81466201300679,37.6194056984535,61.7454517704894,9.301357183899967,35.4531891103104,Moderate
104.40421441726147,188.54954541966075,40.83517548426197,68.67519651474436,34.729489590212616,8.25541266011289,20.948665518604166,Poor
106.31203744702948,169.43508160037354,49.396664173733996,26.765147724717128,29.029537650618714,3.4464744457770085,34.155941256562684,Poor
80.8173514470623,120.16128000595951,27.686652402275758,38.91446868947398,83.09611144013817,12.839797034234847,22.140051398169653,Moderate
18.659419531415185,34.01758960450083,28.92336281436532,35.44339040310155,76.58857478875909,12.409157499716606,11.14183087713694,Good
37.4912410153898,52.245109800448944,49.989460839403435,17.652473229649342,93.39028328650035,3.4234034223317584,37.25659111427768,Satisfactory
124.30609673265367,176.9953663708838,48.90657993856186,48.043532026001486,60.16386728360333,5.4488203795338865,26.46876567130167,Very Poor
121.4551037138242,207.98256409771838,57.89894466731916,25.809621455670055,59.152051749304796,5.8001991222380935,34.28977411083689,Very Poor
89.9317063662343,135.92831763986976,37.13860627434501,52.48889397080996,54.259218117621636,10.43940617519846,23.567355965543435,Moderate
65.5877744313904,113.32321919354202,22.757693251439886,60.78625211287947,50.12564638111169,9.978900721815986,10.08095229347322,Moderate
83.3549725154875,116.24869287954043,48.18167867818777,53.1905863082448,54.113556683132764,8.177628851145426,46.247678955843845,Moderate
41.90501568383843,60.819324482752606,50.43393271431543,53.25586244266596,63.26194998486044,9.095429121596501,41.05136633161632,Satisfactory
86.3325274329158,120.34654411671417,36.75987663489305,66.00022593684633,47.34148819631847,2.849471214217866,21.49558536670134,Moderate
61.91449404512243,115.88821821945736,37.22791269300006,52.60641702371638,34.96065979689025,9.52544512543381,31.046688202481967,Moderate
73.12619730243392,112.85144651018783,68.2123557613414,35.12995545467966,62.39814951021266,7.596458497815718,45.63029224744405,Moderate
47.96126394448481,72.0537389917541,42.9272781493832,41.46431421873843,47.00706601959852,5.283827269765641,23.144424962064047,Satisfactory
91.90564111008388,120.26048840392085,41.96122546776836,48.907701454346835,11.408434125898964,1.869974904278724,25.471732422141724,Poor
65.42373110674828,91.07314071622841,50.15566831493847,30.692217304874944,68.28851085985517,8.107844624745407,33.654487500110605,Moderate
29.968321487132574,46.53125877105279,43.25063027069399,63.08734666598644,43.37911442824458,9.42783958487124,23.11363404668121,Good
60.77865262303755,81.51035287000991,63.63550178228087,53.918174066178395,69.92684182036102,1.1900727931736501,42.856379954805334,Moderate
100.88877729635118,162.0721303678808,51.191900560627715,21.111407154239494,69.56772159773972,8.07394428262572,27.46648829538843,Poor
105.78308047018719,166.39776545660067,33.94246772507671,34.7543630232014,64.25385017284249,8.488959007393982,18.23946187509039,Poor
72.57948331214564,127.76172864962894,54.081144629024635,24.129766155708516,97.45226760534743,5.783081827409358,39.129582448109915,Moderate
78.46679978274176,133.07040359769874,32.964997080230134,53.174345636218284,57.92922225041434,9.519352809580697,12.868040258529799,Moderate
117.8620395111296,184.75680671621362,72.73876995129984,65.0045613693461,55.71540648752117,7.469350334890721,60.223178416863206,Poor
99.8200577275919,143.22146147803514,75.34224023542771,52.671773085876,70.25508632125376,9.132684021345455,53.73744545370304,Poor
91.63845445600872,159.0951830669642,63.7507684435385,37.64845516164144,59.16828956829311,10.136987731500223,37.70243215381523,Poor
120.50951005719475,207.84483223954604,55.54855531079397,39.73384485273967,77.40740306091014,10.139227624602094,36.43996532729853,Very Poor
70.95361430388131,98.76584858353051,44.89742601021463,30.913648874202057,40.96791138636716,12.067281973786008,35.73662126728948,Moderate
47.67347485039308,88.14115636339696,44.46442935675135,32.01408559066541,41.2173832880349,9.35330075513832,22.663578211216393,Satisfactory
105.9915120096881,141.8848029891508,54.08327265037798,58.39331724989174,71.48714236989326,6.091837036892717,34.45964468521264,Poor
45.52432565638897,60.684956103113784,26.601373556279075,73.15611586498463,42.52783590992095,5.408839820987212,16.153010843132275,Satisfactory
150.3450895176486,212.34894556171906,56.86234832357226,35.451176248528355,69.13647909664071,3.74676498852551,37.55727627660272,Very Poor
55.315846194129264,102.09515622704157,54.36240958175439,47.61177376335685,65.55004269315549,8.604718572451624,43.01770414546943,Satisfactory
27.451009437520977,44.25099631503572,47.86458815734324,60.891321258102025,49.582675709585054,13.285246858610094,24.328708485249983,Good
26.676905357757153,47.2918721860613,42.968289953311285,21.940856491716946,65.5075524035015,6.566189576051399,21.073473087679208,Good
75.34716304381192,108.25171466120868,32.41545247793901,35.97347816281877,41.481113313236406,9.798432990839839,11.812844630281354,Moderate
81.43347642187535,129.8158071171083,66.99076952425018,80.90423205745986,45.00150110604449,4.990879981939358,51.86932850348536,Moderate
86.3481930618031,130.81523964654696,22.971558956439434,34.34581574689507,56.44218392381901,8.779219660642537,22.26503949236683,Moderate
17.410992804873864,31.282281399114964,34.602822176516895,42.33570190149597,61.183917286083314,13.03738851229776,27.018914459750654,Good
103.25355474075657,135.63001439304074,50.00569063912333,39.8669002050231,55.44542194518213,10.74499189332777,34.502333774935884,Poor
118.18544702409937,170.93227835810174,62.96487156144241,16.778961740031065,66.49673945809667,1.7167518674433726,34.23311464334902,Poor
100.75085707288005,140.19930451416076,61.59600983675668,48.07543883242139,65.82699622572437,10.282779264142178,41.19840143521605,Poor
9.77534004427449,17.747261067046832,56.39141671465388,43.033125210472555,82.94050212522217,10.464903115174208,24.31005120242507,Good
75.23489294296905,118.91072771257221,32.291880379876616,50.998624257736864,58.57071979282493,8.693947892908355,12.919980922936304,Moderate
5.0,7.712660131679648,29.018712218271553,43.147676346227364,77.91845146776193,10.670088450809365,10.295020365415258,Good
97.7802204781897,153.4846007692802,50.58105584931789,38.33990934649545,73.8108826934084,4.665991841129847,21.3111715073573,Poor
23.145098458581103,43.58580164834608,32.876304153177784,33.35898514483973,94.40965924939722,8.253052619216344,15.722242879880639,Good
87.01663750908072,157.51407454503675,35.0094152264958,40.879133622307435,58.09112970146589,12.440695763752407,25.445749420383628,Moderate
109.24315624378261,188.31567558230054,67.18634688619868,34.43073038165509,53.69461917820517,12.079797933865471,49.61368216139974,Poor
98.77968249033775,145.6296388547572,50.886856076509346,31.71984814745918,78.865413333656,10.192179896023884,24.340826911744667,Poor
46.6815135575498,65.31228299463169,35.294133267333805,32.26499708882084,65.78148857611893,4.4680191059964685,24.33523707998165,Satisfactory
42.24094418127795,78.26656332988593,51.49096483797112,52.756179758076826,79.22488825175849,3.838144917522886,29.754018356163172,Satisfactory
107.96149175156286,167.7554580158401,40.77817054932247,50.441142162901684,70.7519819698425,8.458174697773417,23.915625131819006,Poor
53.13028721058981,77.95559878619827,49.70101659434083,54.72729399692604,28.398568629007563,8.723096954903362,28.98913146422709,Satisfactory
70.00880476069243,110.79260870554985,56.81000551985896,76.00501283180525,65.64482665546774,7.598512910890974,38.113038337220196,Moderate
114.41912707952024,211.7564457501515,55.62970410621812,33.180922656979135,64.66823846927234,4.780860087213389,43.27126582144971,Poor
56.89916041706307,87.18319163629369,59.69387530808848,64.38233152140755,61.99660353695944,9.747844301561575,45.04819799608536,Satisfactory
146.56216445708944,240.00794321560232,71.94168236599833,44.49627654505358,58.01635418814926,8.440661394778166,60.85278331096529,Very Poor
29.931769971901634,53.33182253545432,55.6363382836457,55.13390085748695,36.11784708308508,9.159297266201893,38.54039169258657,Good
87.49801207134075,136.17136410738365,70.39668755749918,55.44451272019678,73.11265375857485,10.373735038496442,63.51718352023964,Moderate
118.42358686523643,170.54477764506203,31.660816107236226,39.71564665034033,65.60652642140242,6.9054008492879495,18.352772879105352,Poor
54.89159680291306,104.11373967800107,71.92066293857756,28.84366233520348,76.52935046096137,6.0449664904822535,61.36927353636878,Satisfactory
84.77613873730097,158.8656105925452,44.998546513006644,39.239629107450675,36.9186671358712,12.430261293234492,24.294359186706146,Moderate
59.992643505144606,108.3519636151055,31.86847300039359,14.884339275860707,67.60701734317902,4.9705660538793275,25.76971603855447,Satisfactory
31.515995200028875,53.98766648716873,44.52468353106376,57.80592037245897,56.48010993680156,6.12330320215197,28.201911788656897,Satisfactory
48.472309396579014,71.58969298807929,38.382948418928976,56.309730370125195,62.15682014888294,12.936991261709892,26.72068933261903,Satisfactory
43.33789911953364,80.0905075165715,44.86755004632833,72.42423724392843,56.652605487286635,5.8119029959613595,31.287605950897547,Satisfactory
81.4200197409625,119.30752337586586,33.8882683862853,52.593109853590256,68.15411891220195,7.60552942543776,21.299579962673413,Moderate
110.19788116623866,196.20575123482618,59.761065183793995,58.316990574370145,57.5569031851263,6.352120523547887,42.44943259607058,Poor
46.54117474746389,86.1456154861685,38.279820673262876,49.93254943712671,44.22127612416466,0.8671140748648103,21.707474480682304,Satisfactory
118.6518407056992,197.17590228917777,61.54362216565074,54.71391205588209,61.29638128179287,7.5067693919808125,39.83415597379337,Poor
54.43449260593563,96.99321504068512,70.83812010690393,64.9864176163053,56.78738194296749,3.9575129456858082,52.915854292856466,Satisfactory
97.68632858615707,173.39489972240742,29.88274933247515,50.972264116266274,58.74909568306675,9.018321730574243,24.643464452883904,Poor
79.625398142958,112.74117528828927,50.04418368435627,49.74496106053917,12.182827859397854,12.422554040164448,41.91575126968766,Moderate
103.44654856591728,175.93720203342573,53.163792111200905,42.64869823087106,70.23954125353058,0.5,38.38738933354777,Poor
63.86528532607515,86.60648479944284,77.07049135794202,60.22194490054287,55.28004573979829,6.372332063998879,63.79330323329625,Moderate
47.790126764728775,76.68929842496294,33.210541216626595,44.675509627917336,39.77769638972602,9.809292931859925,22.42754152732575,Satisfactory
54.5842258316165,76.27279465967428,68.16526179099446,58.568304342022856,73.83845275272213,0.5,41.926074252086764,Satisfactory
13.449433712361316,20.84406281721219,31.966352187194417,74.71987089210168,69.54548591629396,13.345061441688927,5.6098336233517045,Good
36.11816568306131,65.00508613896669,27.147984715072575,62.50389261130166,55.090197055877155,9.519568147213935,22.562123838947805,Satisfactory
57.16027194499809,108.16442282966875,54.53421419042614,62.66354668669125,42.71745930719972,12.332851287727605,35.30089256395362,Satisfactory
134.0641493846012,199.85960282193213,65.44128728893249,52.68039171182445,62.67046102019059,5.744208547554283,50.89739953634672,Very Poor
33.90374049279308,54.89603541975533,40.40089989728335,35.97763949250447,61.84659126881414,6.226716918895236,11.61099952523696,Satisfactory
66.55137139386882,106.93333363972852,45.05315222965594,32.21326766047847,73.86501424487673,7.356254580803722,41.79135961111666,Moderate
27.693744062189275,51.86043796834319,62.625321827400455,36.16687069233911,53.343967277092645,16.552836190206158,29.051648152755615,Good
40.51880191131849,64.30942615616785,19.71581138640416,52.73621462813338,77.92383202297495,13.272421441988266,7.177085199115311,Satisfactory
105.27355073982471,181.01405151377497,52.47963697176486,43.77881570070125,51.89620494996349,8.529390798034989,32.72380268923185,Poor
85.45183356358552,158.3485317096381,65.22282082996051,51.60260947484676,39.81252323186367,9.017607086603135,55.63741849467318,Moderate
94.12057814767611,143.44231512691127,28.865022741104987,57.67669472622482,43.015758667840785,10.539615246339732,13.193660101325747,Poor
22.21755980179443,40.908600608380084,32.00049692666059,35.58091529352831,59.063826912965766,17.566219283965836,28.350934269447247,Good
64.51851513992483,119.38981756727844,43.25546781869835,40.6676865327563,59.01728236411902,9.530879172228204,15.200415230406506,Moderate
91.64933972971019,170.32090404849504,38.51695160128274,51.85965860218622,64.91791711126164,8.18383758447508,22.971256021349763,Poor
56.19531643439572,82.1725967473397,64.72103363598514,43.90831405671528,58.64438953322338,6.645606413540049,51.4825521528695,Satisfactory
87.1737201142408,134.26612806114898,61.834274824994964,42.10627897844308,74.65977774096494,8.939660990077764,25.92713286762926,Moderate
118.8669354269575,216.60379258641626,73.59667912842961,33.29345705093687,56.08358852306136,5.651912726595164,51.0234860627299,Poor
31.33774087048545,47.492255239553444,56.625339437697875,51.23015603438325,30.05585602692876,9.984369352307493,46.6358107189738,Satisfactory
89.459468237667,148.516298989534,37.22099096504414,73.14583973341512,58.18354967301309,2.2696134808338355,24.55893129773328,Moderate
42.757952354895565,58.61399945938781,42.29331696657478,47.325048485285244,29.89831968350278,6.95799764237467,22.46100809090651,Satisfactory
49.61869348306688,66.17967635949988,41.069855416114414,29.980664831345674,64.07086471496547,10.938531418909346,16.560017897782473,Satisfactory
30.98698499633004,47.94295143781232,48.452640276854176,59.20046336721633,75.85789498477374,9.476494617349417,16.036782087098935,Satisfactory
89.12314995531139,146.8170139094266,38.9035049555453,58.808997436471955,45.20663270576221,6.149501519793393,35.29811091761765,Moderate
36.74230133289596,56.42219322648192,52.54905270343062,46.93360657858858,81.27835029587776,7.071901958333447,29.703220271775518,Satisfactory
101.3632224761469,166.90888486093587,45.68268111993609,25.6918767783272,72.64246867092646,12.141338746768845,20.6459184760619,Poor
92.79753922849251,149.31593855931115,19.775645740652614,26.731354285783784,78.09720233122582,3.1583932159063153,6.768556168150816,Poor
121.9556014026595,208.71778434369816,45.5513341533816,24.371525683740785,62.84345784651946,3.1816254083546793,31.592681517333176,Very Poor
84.13176219123513,142.15907566413858,27.618392426225842,57.451268044512176,45.10852236372269,4.281464191290011,22.956717314080002,Moderate
108.35465528679046,168.4424500295382,40.356331544431896,60.95558764408355,71.71223141721207,7.9572885429334255,27.07053456626859,Poor
72.61238011408611,112.91204371473866,52.96968736520364,56.8528168218872,50.630986398474896,2.5730477309752313,34.569927430471225,Moderate
5.0,6.922335020036696,32.752939692176184,76.8948824474399,61.76826759155033,11.812006371063926,0.0,Good
88.0330383172257,141.55212034234088,39.79171652151603,41.88549803092971,57.42973510794572,4.302830164576538,7.000880944363129,Moderate
71.2514334487812,117.72927622593993,69.76758552395495,39.770870809586754,76.87043785195344,8.897422230972518,64.44664615207782,Moderate
48.85762747917656,77.48300060714386,51.823631598409634,47.40744735315318,70.95490508884994,5.683707596322388,22.400842399505734,Satisfactory
9.94963309837495,14.878924116826497,5.0,44.7992211587874,58.79151302531444,7.738011676641096,0.0,Good
105.514502502457,182.85548553020067,22.746368227984334,61.3354852283676,30.725892096897706,1.5866163613650262,8.250897307256214,Poor
131.43658698905608,176.75552613646772,78.12582862004497,40.31136831550678,50.471588002061985,12.005264980839826,67.2670105296215,Very Poor
28.480977091589313,52.651763352619795,39.52384941239194,24.966467957409286,70.56333434226626,4.154008006514396,19.4550380959524,Good
114.43454479435766,150.1823017971126,63.498788530486706,20.319560531986482,64.20165391569877,3.7351331158251897,47.38522867345735,Poor
30.053031574213765,56.42186441387953,51.56068117129675,59.71735515971917,37.45167098380708,17.51603605360837,31.81676997505808,Satisfactory
95.51344843404314,150.66418967309443,38.98928558968216,45.53109710826477,32.90118041296667,10.217229243830431,22.725494437515433,Poor
89.96918199957932,139.2364829781396,65.14522336233775,29.87035784275999,62.93263725236185,11.8496656331323,41.63168206144639,Moderate
10.693733189299634,15.547259486535582,25.534685099285742,41.88528545315908,44.144142484263355,9.835565585447595,0.0,Good
59.64502258740173,77.89894520235363,25.22820666035896,80.17036792144451,45.58805308743634,6.190077760054393,8.383010702150958,Satisfactory
114.1036806795642,167.14753323469628,47.09241085763871,29.318775921109108,70.08911593173981,2.772600570179958,22.614734817906587,Poor
84.58208424726627,115.50867374860452,45.418273347528924,55.301156614,78.03358170623511,6.804718450297365,9.856434025955878,Moderate
39.24476970542944,66.55491082806506,33.77343221687903,56.568509652846146,48.73946959445553,4.087362621897751,21.288333172440424,Satisfactory
79.53777424974527,118.62621439498263,71.92781824419077,68.25577319303359,59.328595385817394,4.327539310261924,42.80569568524242,Moderate
56.36108029266295,99.21283781667984,44.116043205235826,46.376346923740996,58.88630001023459,1.6672506841212131,31.982050820039714,Satisfactory
108.4996358483908,154.51972518982268,76.24593762698343,25.087446337629203,57.53693842955225,8.457903839181984,49.95925553264384,Poor
27.863342263734705,51.27247611308028,45.27007833592242,62.76638414324255,60.60897714234448,14.293648590103384,32.93062926527617,Good
103.66293541750593,167.29009545773692,66.52352062642619,41.98316848978769,71.34748391760235,10.232546892105795,44.8869124724179,Poor
39.687632691535256,54.32061041881526,47.57211583304904,69.13871998736806,49.89113479905607,7.576838448593151,29.038945498072536,Satisfactory
88.00373500733569,135.57038224797748,24.749213231251815,64.8153660032236,37.12083698225901,7.8377125087593935,21.14586774960326,Moderate
54.818609458922,78.06478694889998,82.31208772970069,57.86801408489819,85.3501490040564,0.5,52.208520833128325,Satisfactory
71.97084431589545,102.18501484200604,30.260155200798724,80.25895986641058,76.34132886735075,6.304658312402494,19.359745680958998,Moderate
67.23854214609814,107.83864255790961,41.48511062132371,55.540884287187566,43.44543193125903,2.2932964191186436,35.15767234686449,Moderate
89.5882546487637,152.58091083937427,52.26460415815832,69.2359300208414,62.0344801316393,8.537650111609105,41.533460448367094,Moderate
79.42351510675256,146.69292302861362,78.6101293764615,38.895210495796036,75.16053246879166,6.960096045327063,42.62239056706285,Moderate
87.91279467406395,140.77451252351122,21.236815251388634,53.86353911640693,71.23565916789059,4.522781835169839,12.518359946699707,Moderate
86.04949430745371,161.73030550546974,62.62727862015061,39.07989927663418,66.93019964893926,8.447586817954397,45.77925608742399,Moderate
25.431462038060378,47.42919124600957,24.798805566822633,55.69927826063967,57.44659662612384,8.413116612027771,15.315671308390948,Good
36.87203686770648,67.07161842709128,50.33083344190534,48.44017068391568,85.90955887592936,14.07449615782571,42.16055483024991,Satisfactory
100.80339115728276,161.28405079032063,41.42946130612644,16.428925230030423,63.3128830868919,10.74567000178692,38.02760206573649,Poor
74.52561304029321,103.18386862226632,60.572859564416,40.368959373110265,52.275611110189644,8.86789116014749,42.27945992669848,Moderate
26.67179801426862,38.160479821742555,29.44269365517259,48.841508386548355,73.06613593268393,4.209942105394431,11.924947183514586,Good
104.43128225522983,176.34287224867467,45.88612157832797,13.850929340981047,61.44087962927131,3.7062435235700466,38.81894614101587,Poor
125.01344289264051,194.15250104589973,68.64114237517785,45.51294125766135,65.24696590880434,10.39539202974643,46.28390514612258,Very Poor
74.92769180852001,104.00570380370678,57.440608794345465,62.517606742820625,63.04723802386811,7.1997225102382805,32.90093674742611,Moderate
39.54015830398701,62.76590337283178,39.20642369078438,66.01337052708486,67.45163360650365,8.99746236450643,17.720749805931348,Satisfactory
98.6873952307747,129.32571887983616,68.78195230682098,39.19869805502115,45.3231561990119,11.912002096686239,43.79621421491986,Poor
107.12051048469911,186.42581169398204,45.74583285164276,72.81941176472805,38.233404192449875,1.9474448994327602,31.70879442151155,Poor
51.83850025907257,69.67865670887437,26.974000011001912,61.81934952784323,81.51199084850376,13.588141540115975,4.88333604258456,Satisfactory
16.18781461357964,27.154543787662764,32.140245000420755,15.032885856049536,63.74376842683754,11.877527147795984,16.557158065250096,Good
109.8740447824617,195.1150082490055,27.8363588849344,47.42433686253912,71.56270916112868,0.5,22.105582031595393,Poor
109.28162329113809,150.7634330304527,69.08251808978623,56.6757158287124,33.60361169733561,17.412369795643908,52.58727431459485,Poor
88.99416494928622,143.38590474579985,66.22689491612957,67.58187894224763,76.00024663071754,9.285505276325825,49.95274629459321,Moderate
48.25031976912485,85.27956971361131,64.67252070572867,53.860231349943454,52.177715319663484,6.085846798308185,49.904527965850136,Satisfactory
17.067558783928682,24.85685250518141,53.12786687067971,71.32462009454791,47.90672749786433,10.076248894419702,33.485404165258,Good
124.76927772441,174.3962524246132,70.62874915869807,36.4783942219395,59.049402485520204,4.090101452245056,43.703921876687986,Very Poor
45.70997698636372,68.6605663688068,29.96411813009508,26.96320183064461,45.33029684186213,10.184513412774205,12.88830886971164,Satisfactory
48.659337001592064,79.4519146027936,39.4344916743726,38.28762228034523,59.97402452661589,4.826014166658755,30.102046475891566,Satisfactory
29.980266666282198,49.32256806301657,51.115033396605504,72.06384159124819,57.9549247947827,16.0814381418824,36.774490524743946,Good
100.42091134247295,138.4328171526042,31.394142459424458,58.70760298439506,75.90593857850824,8.240400775625604,13.876514140363199,Poor
15.701698950371012,24.72297361262924,57.70252180175078,78.29688799818385,82.70016753209205,10.599292208291295,33.148681344628045,Good
65.39276473450754,95.53682285208232,70.62293383495961,21.90551094032319,82.22273689262374,4.855739601391444,55.299587787065164,Moderate
60.02653983250913,108.36078194162974,45.35787722741454,70.41337463359177,26.032275309058257,11.265984095573433,38.3815467684094,Moderate
119.14491188600665,177.30491433945576,65.83052319853276,62.12849348613118,45.972497552350724,7.949679745991552,43.763178099961806,Poor
62.98287654358041,113.57215362180956,25.161022710350732,50.54490923402267,25.87669854266457,2.3525931667122206,0.0,Moderate
69.77018870893185,108.6418656587298,68.88939907768139,63.219540698245964,42.096865883474536,7.044949120447008,53.369532737293866,Moderate
77.35673708933479,134.28754065206917,52.07332001444827,52.04802679656376,50.25722683644253,15.72444427545015,27.208164783717457,Moderate
56.33830985998486,90.48136153976512,45.54759085000156,53.6729278874417,66.15842422840416,11.435908104173231,18.469705288949363,Satisfactory
57.0375471723915,95.43394483210993,41.622865078279716,59.76804866853136,52.20100148261189,6.484099724374026,27.38043222285105,Satisfactory
93.63788452480465,143.94145826834676,19.750910995129463,64.17784964167181,52.61894893577031,0.5233369559962604,7.724667625786534,Poor
82.57514324026744,145.4085565462555,61.05220647604392,48.756880942806774,62.726470247996446,4.670035287077473,45.71913092628213,Moderate
75.06201404967535,116.7299611547252,46.76505154604044,79.78796975481646,34.360355321882835,2.3741039838621543,24.969064158393106,Moderate
81.59191051074235,128.46458550216138,36.18564452802118,47.27989958546481,47.42110270554204,0.6199679742660074,18.92053781960896,Moderate
65.81205767116825,105.99737399376832,36.823867951161496,77.76703418777414,52.44665061273941,11.14236452066121,27.479174014674523,Moderate
124.83091723369883,224.58261300894958,63.394587116943654,31.689547039257754,56.963970170529834,8.249549585520663,46.770234818642116,Very Poor
34.4937680640931,58.48857678103852,32.506683050622435,32.993245159134354,61.154309853383175,15.180433793375762,31.971876011718308,Satisfactory
100.75573251856027,152.09039858306582,25.373445533621926,29.60039665046351,82.50974684599562,4.009432404809484,8.854593456997996,Poor
46.32325372564331,78.85106173266072,60.08656839742593,59.62790324264196,73.62504241621642,7.9908762609634785,36.974712446116236,Satisfactory
77.64671180357517,130.870111926261,41.702277556282766,38.22600728386773,48.460349632620975,2.423302593012343,16.065300685160622,Moderate
86.67252722382555,161.09056151172723,5.0,71.1358675874076,56.08006410822798,5.62050655533503,0.0,Moderate
135.00510308482816,243.66394161999924,65.65542453605636,41.09121174818344,55.05841294361815,7.111560152269657,52.44010819075767,Very Poor
99.25267654066765,167.5849835630677,57.966809671943864,55.53174302328791,52.28771225218885,6.5013841287534095,36.85844812241533,Poor
93.46793035800789,140.66028716831866,36.534689459195384,56.7837654040883,64.08773738731365,8.214162522462004,28.825940042948776,Poor
86.71668322610662,153.2930585738001,39.35863415234394,38.34317381242289,32.10330670543638,11.886438253005547,24.81585727954952,Moderate
81.27254440363343,133.70349264829426,75.52230730717582,24.49625528443497,73.21071582009726,11.465670341818218,50.95619251099974,Moderate
158.42281610656406,299.60320862266866,84.80328719505653,47.16259562836663,85.40326186073032,4.922661663634803,76.30732725297608,Very Poor
101.10200398835525,146.44662454354585,65.84767035189043,44.65089716852849,55.95239188992275,7.878583512545403,36.73170777849775,Poor
49.50484901403906,66.7223139452727,27.170446056973546,56.34482839361655,55.65953362323257,11.176385499837775,14.555479765081857,Satisfactory
91.21917145457391,122.41020679407261,56.19375686822657,27.343996068804394,62.35566370813007,12.142946029718024,27.68301721698036,Poor
36.84411311100564,62.04615825805344,53.08123951223939,39.590484550532615,75.29078965440316,5.35537326138339,36.45859008141073,Satisfactory
38.46466886154784,71.68106972795422,12.973381702397889,46.24531652657319,55.135594247741366,10.832657819200959,0.0,Satisfactory
80.42547294977231,104.64633990705966,62.82145188735903,8.6361184550859,74.00917749152605,9.324586036750805,35.017488026671764,Moderate
85.46630345883452,148.32357562104252,43.239939619504156,61.46637504699777,67.32742008679864,3.736043545844284,36.54637694239618,Moderate
80.43442468801796,136.2751480581623,58.53784172035283,29.55353799124455,95.42417166007036,11.20063185034294,49.8951329698083,Moderate
44.750524433638894,77.8382797517946,67.41801984035206,71.47340617057574,55.07006977256556,8.606172833729875,48.33184953559581,Satisfactory
53.2485682584021,80.57803617275637,49.14736331992967,43.53554057445036,30.359993284187496,1.0344375746938956,31.667582404343044,Satisfactory
123.53323072237377,221.4083459019696,69.63930828885786,44.47891632216228,38.50591318971729,6.824585757154523,52.719553598705374,Very Poor
131.0117988306817,173.82961978311724,71.5351107217733,29.33553350939236,60.17892356100236,8.15943016633989,60.53517478558135,Very Poor
90.28946255958257,158.30078217303142,37.78219655488689,62.11554468426668,75.41823141031128,5.576702084729625,30.4192718286669,Poor
77.02039858597415,112.46851058606839,47.42747945490425,56.76995516391514,50.212362893689146,12.9129137019941,36.272806177016236,Moderate
5.465012102563266,8.668070259667465,33.70467998458059,69.69483301661359,56.536013251870045,13.05787396271242,3.490539703341355,Good
69.57821074803594,124.79420989527881,16.716013788656706,42.83523688643008,70.27264105997364,6.4700393643486205,8.23540106338368,Moderate
36.88331921898267,53.953488135423385,48.84008922767106,50.26996160088919,45.52151098682314,6.031097914585031,17.42705528985722,Satisfactory
99.26201601049965,140.0710634052861,43.53802478148812,24.60360972102952,50.83095901207773,7.475061306522716,23.3457254322442,Poor
63.699458757212994,108.84886507486468,27.4278999192113,42.142514409788134,42.48409968584609,7.199677736773277,13.558154628928975,Moderate
74.6361236992337,120.91327707082854,30.497638062488367,47.02279554286165,77.67342139323843,5.629992424792309,29.46006882034137,Moderate
102.16959558427051,164.35433540162077,26.449441563447902,49.182994126606985,83.12509217694551,0.5,23.794362484880722,Poor
84.22855217339288,122.47351254702392,58.6100144242056,80.09730706805819,36.308775157604096,15.019247502398457,46.06342847009423,Moderate
33.59060147150852,44.37077218416401,36.77420325990937,20.662349153330872,57.867217515176655,8.00167185511257,22.87839531774438,Satisfactory
82.31608601533615,127.27396162814789,20.94198859570436,47.22004433686334,81.10888462597417,7.286759552283694,0.0,Moderate
67.29944972641313,91.79212128350503,62.45079550393767,41.1603553076737,65.98042775433356,9.300676520207803,31.886267588031302,Moderate
39.69510031810258,73.18162854681293,51.10907880060885,50.60027159757151,52.66141150501358,7.6797690058636405,29.787029633829913,Satisfactory
43.18418038062001,57.2082513405433,34.33281633908277,54.17923012848611,36.80756820583652,6.2787366214182025,17.069251778932596,Satisfactory
128.1002107572946,199.7070132212343,58.01725328113017,41.673397910777894,77.29416827734296,3.9774160544322026,31.424998252455556,Very Poor
106.58013727384301,141.89518334566768,33.68915947285733,29.921835583164615,65.40772822416746,0.6455488940172165,13.871031176604976,Poor
100.95452862589377,137.02823930552842,64.25051132399656,32.63730130563279,37.905204183873664,2.5824842801824257,34.94759930435014,Poor
74.81283781403738,126.83170021435616,77.16778955161409,40.45665006642762,77.84836580812487,3.5333037331594115,69.49386655394777,Moderate
5.0,8.441333782922284,13.441999940897865,31.491948230049253,35.99394657363195,10.603688632163875,2.915917906398505,Good
51.322470939113764,67.73700440755228,24.02807361533747,46.96789427547898,56.69270768748883,10.898492587057579,22.256368694862594,Satisfactory
44.78829397336955,58.25518826958267,37.023890800609394,44.99330247803253,56.03077944941806,4.472803582132915,19.85242317826296,Satisfactory
89.37969340506339,120.4204427738244,31.273859386061446,6.394326487808497,84.27571993271752,0.5,23.501101747686846,Moderate
98.52359568554506,173.18471133522135,50.77855676464169,77.78733471822844,56.084307121797714,8.036482878007504,45.29886869395462,Poor
65.80083488185471,108.62045732201449,62.602713882021405,49.952793051090964,56.030359705489126,6.313831137362726,38.14239838978537,Moderate
116.7096822847326,154.39184794127263,44.68153478779928,15.528382932074997,39.553824826534594,6.214950053199475,42.73149753909635,Poor
31.35402694067067,49.94251921407442,48.24015709415214,53.62818702030863,50.394034814120914,11.82374990305746,30.457432571303972,Satisfactory
9.309984498231927,16.080369213579296,28.485797498579167,47.40104659236899,47.74056808679036,8.554610501891409,10.168510200827136,Good
71.00557966839348,129.32749205528503,32.68879680964332,30.529181752204018,48.52166450992961,4.094481405919683,13.279719581100306,Moderate
63.2080222099778,117.59358842087381,68.1473258007668,52.62069053693827,60.0942678733781,3.174347864163802,41.19389561199888,Moderate
100.34675734990626,150.1653437852392,42.700700199692434,41.170221329683756,23.48735421236111,6.949554572060174,32.56247847619946,Poor
139.20449421338995,192.31093317443404,75.09238787885113,55.4261801687374,37.34654631874653,4.374348951241432,48.90311109118258,Very Poor
54.87599028115481,79.1397140795488,36.87739794465536,37.81041151998391,58.33471689589268,7.71040950388953,34.39893154870195,Satisfactory
8.734351928561013,15.422270488166681,36.23522588654803,34.05254918848842,61.81882024655897,12.104568177607863,12.254775100018126,Good
100.34199506720014,188.93299217554318,51.76531253949628,48.467290675400406,56.49850802034157,2.4808703536021994,22.171472787252675,Poor
51.09387987571921,80.71995951456303,22.19259034263768,23.790988796797862,59.38808265322558,8.351117739235875,38.472212245243945,Satisfactory
29.845376682829063,44.26701869546545,56.3063452981808,47.98929145681401,53.863250795171226,11.660199930677559,40.65498744357939,Good
104.27428613768552,162.40869690953141,57.6101213747596,57.91432047988384,59.72243095155506,7.655250656727564,42.82662948232032,Poor
40.45925374324752,59.99653728430655,33.419712545373436,65.75673520024647,66.51213330393324,10.886323580470613,14.272138301922105,Satisfactory
78.01540713520892,113.42601640463609,44.47855612588231,63.047122023849155,66.40700593031491,6.850910031538151,11.984547508846127,Moderate
58.02483000398193,96.10365088907429,38.32861905278122,70.36683297220539,49.66562382812256,8.683312317694547,27.15296220378869,Satisfactory
31.19029670784086,40.84187165829688,56.96492423176573,38.43400538780691,73.72642109374425,9.763139729368707,51.60110274800182,Satisfactory
69.41663909168241,101.0519776817944,38.265759131165154,32.15913764391788,62.356630417549795,5.711990246947462,19.59197518787973,Moderate
85.93039082237425,145.80920032836684,62.13662805356119,56.533703555033775,78.48320934509654,15.962704068759997,36.824578359014595,Moderate
111.52192654684308,147.12392070834875,57.61240444051458,35.94798259137521,81.49308646900623,10.310320721327686,36.82591708408447,Poor
100.57489002716173,135.768165162578,57.54500809520171,52.42211436802307,38.35909917940131,13.211941994867683,41.4115912450592,Poor
70.1847054041258,103.59527021846145,67.63609540580349,61.78008777913684,47.114586916969365,12.284095785443071,54.96660380922315,Moderate
116.67301391039443,213.124596970743,52.03029410249255,75.87582243589613,72.20322059955825,9.309157077133644,53.428596371491594,Poor
92.51536108118935,162.72820098176425,43.659721472104366,60.92668491215757,35.02661369806579,13.54315768943923,21.08091249240742,Poor
17.494102552822163,22.974899527008397,25.642724663668684,46.81601384867966,81.3026544404006,8.75165884476767,0.0,Good
71.36640225279157,114.25958614333224,32.301185427349836,32.21498332458247,54.84176707781006,5.080898867302548,19.82205996952886,Moderate
58.86963444990303,86.23297620027344,44.30381703529437,63.81523224805334,68.62549552663528,8.059276926251853,31.13508441070853,Satisfactory
108.40476017768006,183.11595449753375,33.731956583559764,54.478814900403925,58.25414005708836,3.9753323503394746,24.575320834715143,Poor
77.09128970415405,133.59398825550207,80.5116235118442,46.970039030884614,39.11415708324469,0.5,59.518484143922024,Moderate
130.36981467190364,236.97549963407417,44.32660386271705,38.07709088151265,75.83316903197962,4.589831027763898,30.28170456474674,Very Poor
53.48722852621838,84.79061523551823,54.63067304488255,33.89706068589985,100.0,8.291526131883499,39.80567820384291,Satisfactory
15.860544776721463,30.08222030429302,54.966506110990565,50.204502870740725,52.27487585466462,12.247699141952324,33.25821464471015,Good
102.27922549601763,193.1023251749326,44.93624445030957,27.081970555483664,55.16462173732136,4.577923181694583,24.800502247637667,Poor
7.597990748374589,13.89900473951986,25.521291425640214,74.21764070059584,20.263506850994105,12.040649814108619,1.1278248305600016,Good
51.98588174010101,85.51270481689873,47.337360327973926,59.46559224921347,80.2725435518418,3.157268056772492,28.82073542187772,Satisfactory
101.01224550076151,155.43803353660127,92.51468513856231,42.752378758367115,73.67647984263004,4.321910135442199,78.8197093973119,Poor
12.77577607089241,19.401699633146922,31.700914437103272,47.13040934311236,33.99924206917629,13.796626413585807,11.333124002432491,Good
59.516825018646145,77.80484850186026,26.12253997574005,53.84699081436774,29.026718069296706,8.190484079849982,2.776904334386632,Satisfactory
123.7687185198114,179.4033390026584,77.15331231839241,56.04612123329389,30.761530752521022,7.305512218861427,59.045839538533656,Very Poor
95.97575005708464,166.16137077208316,47.22045640726761,41.563042182600284,69.67753688059227,8.941119959631308,41.13124454804002,Poor
28.491979385830597,47.3587772096471,44.75261437678454,60.751301640901204,71.17487129421123,3.174386997127817,32.81129820785155,Good
55.728980694517254,103.09043959575926,63.76923103393932,29.408379267977878,46.14999083446818,6.676607485704711,50.440107935505864,Satisfactory
59.74070465005703,79.45593532934718,39.38926982205709,35.823177356830556,67.48890047074198,8.010644632506207,17.52747085565855,Satisfactory
34.84987648007605,48.55166168868431,58.34035763026215,59.15199851498743,62.383156814867284,12.92552374471773,28.401078586280224,Satisfactory
59.85434795149665,106.15445576880973,53.3887963250947,53.96595725774571,54.49095439718672,1.3183314427943955,44.32731175351235,Satisfactory
95.69683534294197,144.99071339683738,82.51899736861685,34.89629076381844,74.5529524002795,15.051961261503083,61.65531551730594,Poor
74.88129113060295,102.6627893026299,26.67307965389235,57.62183380413957,41.925965981579424,7.501409046699828,12.471835280150874,Moderate
114.8587969708808,217.9870998162387,75.25404987572256,32.6629756829219,77.21308820390843,3.5577750041319636,49.211016878405914,Poor
106.59474551378511,188.92321656913526,67.45357877572891,45.53382720035467,49.07217668978471,2.833461135462435,35.72758591261476,Poor
97.44854019037675,150.58183265627787,35.21721486126781,58.31117413723567,86.72305022950567,9.092597268016824,32.44591601144124,Poor
41.0500475816688,73.64413371910105,44.28498697390208,65.01217172642211,44.920409647778,2.611162079725897,29.884061666178926,Satisfactory
101.59563137629308,173.56214873032337,9.50531316448247,53.37826760225924,54.72641882099809,5.759505819627605,9.23030068958095,Poor
66.65408631997808,118.24333970495447,46.48301327940309,32.05700302857394,60.8788070631353,7.000387756488807,44.44633497319548,Moderate
92.64620739315475,165.75553708560295,23.41916630356494,42.17821710511101,60.78477821733725,12.574702957619303,18.265964695105083,Poor
85.76480111968517,115.85428465850687,37.41670331470861,47.97449914028632,67.36242750927143,12.073813837055894,13.804639462464795,Moderate
108.03960000897594,180.83492497302385,62.44956509977139,73.68836807571904,40.714763726299836,5.428030439524163,43.28188438350507,Poor
66.56906969910811,86.8108153782774,64.06326497676855,21.376395720099325,59.44031387630047,7.149267319116312,41.83701037720018,Moderate
46.49172812558263,61.65146015629285,52.92983327574871,34.50344417729394,62.071975596040815,1.6184603992970175,31.185001254165936,Satisfactory
126.48488319277436,233.03423166302534,65.45435745268712,66.51226555391702,52.083926639578095,0.5,46.19315431217461,Very Poor
108.65076424407219,175.63811442501205,67.14500026072551,67.19033031453168,66.06087926189126,3.0837902096295213,51.38904872218673,Poor
105.66739629942903,184.02412325624147,63.613982607881745,50.993403681296336,39.804451297683286,12.492389445303242,49.62336116738311,Poor
63.48542037159959,114.4705991992509,48.02501571543148,72.05537278550071,55.103191664239745,11.12032288888584,22.0758153989703,Moderate
112.27328830368715,209.92321214928032,60.78863968446842,39.25898505688956,48.70223813394501,9.533745050386456,45.21157396919568,Poor
52.78009627340032,96.14484136077235,54.058585049075546,26.331701727692767,55.14853605676471,2.169502053517692,33.174614662629736,Satisfactory
65.28061897036504,103.79532697732846,51.65747222749994,55.512347755423306,81.70553189881805,5.153361690435418,55.888616555285616,Moderate
60.9600366211759,91.53650495245489,35.92911481352053,63.021206465710705,81.996835892361,4.568715887285514,28.144074955992405,Moderate
44.09566626314742,61.411855452284684,50.02942692468966,63.35918849798826,79.05624690871831,7.336006517517751,24.65292543947504,Satisfactory
29.672879648581777,45.70195824550845,33.36626269515568,36.435102747053875,53.06614079878723,7.083785773471536,20.793046847356848,Good
73.31284653072501,111.42791300406562,38.39252642952074,48.267843111884396,73.6142741520031,3.9921725732166857,32.839318413533334,Moderate
95.45533843488946,156.1405835164849,58.43113246434436,60.260184323623236,61.68543190388706,9.396867231594173,37.00088201388156,Poor
23.220624344441266,39.45893803483912,53.57116542174559,52.377896587966404,60.68384555254513,8.915785520816955,37.289434243909064,Good
121.07400300460546,228.46607291074093,48.45831592370139,69.92743468004966,58.83957978571246,5.084707603628214,35.237588104677855,Very Poor
101.41379094366863,176.15897086885468,68.13188742110611,36.64905856984348,86.37626786068688,9.217113566530125,40.065555190197095,Poor
42.99202515533999,72.49526456224159,54.69515807847897,42.84324702850797,80.48757908334696,12.497141473322083,26.661872461284027,Satisfactory
67.14666219502413,100.79086394628621,33.718345642589185,49.308167667241165,71.17344627670646,13.712243108492984,16.91227026612193,Moderate
103.3609385059831,136.50903189195495,39.82132448022013,60.9992149850749,57.4454855173406,9.962648626439435,15.602580046295282,Poor
48.651261320230105,71.65723027839988,42.25355928868836,44.96442175720927,60.593411373818434,9.845071773637423,44.62576642955203,Satisfactory
80.15086835319275,141.15118876276628,62.09622345531014,60.31981234538793,67.95849906806602,7.039444343902755,37.054834657924346,Moderate
26.005837436010403,37.01054990044434,13.253498022282308,73.63419735638627,52.17586632218966,12.118851582140636,2.1624334357451396,Good
96.99007357808372,167.5322068350458,50.18903577846457,37.41398556608142,74.07473573946756,3.7185941946408514,46.45130140199911,Poor
104.67790991837234,172.49536817366567,58.10375409370343,48.29384463868017,46.1813233283564,11.65540057363266,58.20652719603983,Poor
103.17711465480366,144.76926662392037,22.434707396530683,61.34086281265009,65.87765531996108,6.849581063276789,19.26124723862201,Poor
80.19711347345918,116.84518008209153,60.180764951930094,83.78207226143402,25.654266753110555,13.96374730880692,35.04240069414062,Moderate
63.55544427943011,101.54775517349823,45.657473410241984,59.1912448605232,51.74072210096805,10.352825628160298,22.898128595514606,Moderate
48.05224451955473,74.53022405380449,49.355266352985076,29.97342455072845,91.16515699379165,7.728535075707598,39.4246038820675,Satisfactory
46.77431543252471,82.65668465598944,38.09807229139013,47.86400956267103,75.54287241587866,7.054049404382907,12.509866663871623,Satisfactory
42.736983374283476,74.38982178558892,41.275632195493095,57.7964949266788,83.03202674901786,10.102451417793748,28.92831514351829,Satisfactory
93.92384929036585,154.48075351964746,62.83693625989253,37.81339449147005,49.99038498968427,9.908497390744222,44.71971191998172,Poor
65.24462736017901,117.00741985088253,59.82363626535119,31.51297843950907,61.55659255200654,6.4066279819978895,48.53567608948259,Moderate
119.34901996129109,195.44616089532363,51.797988524477454,38.97927799237276,79.22988379641457,8.367343033073386,36.39743728379533,Poor
44.171335252850405,82.98175253073853,35.157313144527365,55.995218422462756,69.49642402058066,11.585560349394408,24.91432045185391,Satisfactory
19.471514892517842,27.850778729253626,19.42134433095279,25.93608868029426,67.62848816037479,2.5465749684790007,6.110983734845874,Good
76.7061674805828,132.58501470745117,41.1258483458907,32.712072273936215,84.45872955495093,10.903512882214853,18.636754331410774,Moderate
114.66750338298564,174.52009640620417,46.30304076990046,55.22626317405188,44.39317551579108,10.084858313437415,22.960898928678294,Poor
92.92972721390578,136.36319678769954,34.26760100718332,64.91049542306875,57.236429408317456,12.746589902245962,19.53399325047579,Poor
111.8747127404178,157.5456047960573,35.59964311808547,57.6154178344396,33.68871655995969,5.137385194787049,30.89329452470423,Poor
29.850398547632935,48.700987491138655,62.154491920977506,56.90558991479716,43.573409220965985,8.022864344371564,24.871683957430726,Good
79.50935780136852,113.64126687600806,49.617211792378384,59.851269609209496,76.11278088268456,8.820273504019582,32.58182058503164,Moderate
48.50631202225606,68.8891741775015,65.73259519940268,74.71091495572105,46.23976100711815,10.955186068800941,48.03940951571495,Satisfactory
24.844808407574213,47.06399617188464,31.422121626102964,68.0761055406068,71.03286381187645,9.716467716644,23.903066681559576,Good
93.92359615312924,167.2824753570495,38.05316419894343,12.404120933076092,84.87727562952121,3.041779604750902,9.256995341186627,Poor
43.8318396592946,76.66040132077693,48.47010953058303,50.00468321199397,57.33092737512092,9.164176131446585,19.474386028126876,Satisfactory
13.752004539176912,24.42956109984277,41.214165483516666,60.12814764687187,67.7979515969972,16.016915097081633,38.75382704959908,Good
76.93098903223809,144.73440272459422,55.333156075857744,71.26686457668984,71.1496819431438,10.44703030384526,40.1691567742901,Moderate
72.80759116586152,119.69320538341722,51.03865439476206,61.27928435697821,41.677574054001525,14.5521877781464,36.09127795524351,Moderate
60.456444967495095,86.58247556992389,83.66752816186295,36.96156256799637,50.753214820484295,12.172245509179248,49.51105958832024,Moderate
97.13497374106007,176.52589235169089,56.03300901368385,40.105790608461724,44.945081824922966,13.449607741753637,27.204553951845217,Poor
98.64145460472993,172.19231470593905,63.098015686372506,39.12469291630785,51.94915334875457,9.23987464393882,60.78249222013986,Poor
88.35785672843141,136.82965044853347,52.22110890103555,50.46445112451583,70.74166047121649,10.087380438448468,42.27280704158861,Moderate
34.37754623766177,54.45890450935802,12.856047878555227,42.58825941846006,51.072049035865625,9.022071026565499,0.0,Satisfactory
36.40484411504917,56.30924502470191,74.28230251931555,5.0,59.472701596022745,8.01736346019809,57.00987944945349,Satisfactory
89.33623464746509,165.98362366257794,49.223351809282974,33.45304964186714,44.36307574603147,10.968779920276418,18.495200847964174,Moderate
99.23194354140432,149.45511228995744,33.91302620273399,37.656996683611965,78.39633246800554,5.915992243971196,14.488482158146038,Poor
48.647185999338355,91.36382114587495,58.08023987424669,29.198092621846854,51.82335014664994,15.541529264058532,37.85656664749341,Satisfactory
95.32018558300616,175.97660575804693,18.22009398871151,25.22811662290811,82.8447082786493,4.287948129246905,3.9272929149518454,Poor
27.502058384904643,46.15705346059165,41.57762696243399,78.58177217581235,60.9139364077404,11.245552479668635,19.5679615301758,Good
42.397412429834866,69.86640186873852,64.24548762631076,52.09167032142329,38.89500633055381,13.514685669214355,53.35647810936311,Satisfactory
35.928402110590376,54.68495262647117,41.38286106582115,42.721359598959495,57.43459880181563,7.2935129841583874,38.34326368496254,Satisfactory
48.36810816899545,63.41073652968142,61.4122027157604,61.19848189827905,44.058347588007535,3.548090755447345,42.183596714088296,Satisfactory
71.36141353076187,98.23426017152589,38.052887520391195,63.42299320762131,68.8402406606723,12.62211835712942,20.14634099253789,Moderate
8.836846234218703,15.486915842167063,17.454424668452557,82.39332331380689,56.079558265097006,8.813581240201021,6.9244500154784525,Good
33.50306665176923,53.0328108213402,69.7051178965674,73.09096450536956,62.448153825410316,11.253264290406973,40.60226143970601,Satisfactory
107.24290408066842,149.0572212962769,53.42682619357261,55.630191774514756,54.459703349301556,7.56218160465073,43.953842343629255,Poor
35.17110996870291,51.29272069617665,63.82022122760566,26.67390840644189,51.66986544205012,14.927698729289588,43.274900791216645,Satisfactory
52.3069355304771,97.7460823578428,46.92204908218987,35.88363030774204,45.39566985576559,0.5,33.13603845176798,Satisfactory
60.89614610885215,92.57917480975443,46.2931964639877,39.46345448941321,72.54334405232294,9.504710205134938,15.493976347918938,Moderate
105.93677743657312,195.41195079587138,78.00918612897784,56.117907381440084,57.40270347300453,13.366997935006392,66.56654382089596,Poor
48.84392621510646,72.4248701486534,40.080105771404355,50.35882050027162,55.27963659452424,8.421356179317584,37.19681164476263,Satisfactory
32.21751030016179,52.383482781527654,51.13254725229899,26.499240616649743,57.0267915233676,9.209434772067645,27.391700376162483,Satisfactory
26.815046103864987,35.18901629568249,57.028787195492406,25.26031996539956,49.81707309771338,6.263952749731967,27.458261437749485,Good
94.75777039981577,152.85613465145525,45.59867477322503,52.81917508408417,55.32972859835962,8.08275403146647,32.243962171103306,Poor
134.89704945838253,226.91912304037555,66.87079001635233,49.18371881116085,63.08444722040231,1.3125735474547797,46.044123932369715,Very Poor
61.36139070598409,88.39617996467912,50.59543250501384,47.954257982997646,44.48794501414852,5.126274669521234,32.844421849581785,Moderate
115.13286536767582,189.6655425566148,55.52819992813713,57.91194678983901,46.659720103811885,4.852979491591087,42.87769730171246,Poor
31.53529377242674,53.2410573911596,55.769951807534596,62.567334632550896,80.6742614043401,10.676495964117192,32.27096531839811,Satisfactory
50.55089195209525,86.54978189672858,39.08293455033126,53.73930364838603,54.55865200800666,5.714520962849062,28.31469162794429,Satisfactory
73.08961900564002,129.06471850811727,55.91684194823019,35.52992710480808,51.72658786613985,5.830097800240719,39.61875589992584,Moderate
123.83032393953597,184.11136470562047,57.20321526743187,80.75990935172705,39.84192591661087,6.488306558859441,39.049290505106946,Very Poor
92.55129648814383,151.84578149490457,46.47865435508503,42.803339848227196,72.76016456211359,5.00542118993873,27.455488213572675,Poor
6.747449359879409,12.74557704547693,30.682452004026544,51.91774193444543,44.16111279733735,9.07608907704679,18.761895634286113,Good
106.90029417215044,196.57750805566002,68.09018210874534,38.241007407989926,59.77061008557813,9.510525877731638,35.12593372110652,Poor
69.51193644545276,130.0984885941408,58.155669693571916,37.00835197800053,34.37722396025114,11.300074318887038,31.175230034438908,Moderate
100.44530379763741,153.8502476514454,47.432532347591476,30.650566295331707,72.27259200546175,10.61100032915177,21.67692430843864,Poor
33.26521191951101,58.95117362020742,47.093297285576135,26.277517563115882,77.65284365427871,10.211030979938803,17.363992761948047,Satisfactory
39.557646426474626,66.13796275215601,53.09151627447423,5.0,67.26780518217024,6.6841266640102255,36.15713765841684,Satisfactory
58.56800361858672,79.04578189066679,51.45596085843093,50.25954451136437,36.98279802892055,6.427584998648484,38.25142585541542,Satisfactory
20.24099323579374,36.320200096544774,33.4272802478842,62.01894640070876,72.58143215863846,4.515155990606175,24.59951828017709,Good
20.659575782556324,35.25062359614557,33.543397311554315,35.71736049752059,47.58976500539471,4.443025244423595,21.300944461306116,Good
86.26715145423852,122.44331727861851,27.67936790556597,89.9052339779557,42.435421819175815,8.777045638717041,17.54617216444214,Moderate
117.98463238221423,159.02477672788035,47.93559782707636,69.94605024648206,54.248084313635204,5.122335836879676,35.73382408717379,Poor
9.680946502065998,17.447130333396867,38.358114514915485,48.936745502978646,53.949484899802655,13.873296533423837,17.94034389538895,Good
101.82404990034276,137.19172716444982,84.56751587547112,32.84891862787162,52.424270232295655,7.849996707702028,63.61701853531096,Poor
83.64981300630338,113.32979716137766,48.55202867670236,20.222509037091562,79.10511371857041,14.005560428638162,23.845778460435046,Moderate
53.487111292870374,83.24974547831145,10.62793883816859,40.25926688283556,90.1773899466394,10.28706821828467,0.0,Satisfactory
47.76364494255447,65.95579979471398,52.10571705093072,53.12921931478038,39.46295193975803,4.891054262113154,29.547425000562978,Satisfactory
113.47153570798223,209.71829183128847,55.16490752175584,47.000690471077135,49.667514085131145,7.751815245672729,28.904497802717962,Poor
130.0217463265474,205.71655342187285,59.974319633133824,63.61160179625476,62.14122504067435,1.306190635529135,46.67577851286283,Very Poor
79.63297633621366,130.71678118159673,60.47170441642831,71.62238091641498,54.16925263594159,8.76170142026114,34.32189355091556,Moderate
50.11879876199751,93.06377578759879,42.749627104364336,53.8919121254673,65.99098123917774,5.25692636861873,17.49247224840297,Satisfactory
48.47760366613393,78.44441906070708,33.016982167689775,53.14903353098088,73.73978033918692,3.546167967138955,25.70412189754835,Satisfactory
29.424566627914174,44.49449635624541,68.9540564085513,41.018573240305436,71.24048913405062,14.088587034192189,34.91129657476482,Good
24.252282377585107,43.127665525848215,14.27481948680034,46.097028170451125,69.14600351774749,12.12235096393715,0.0,Good
62.21053761871605,97.40366822602331,72.73075299687528,49.197215238351085,84.88643281379585,12.01215591504985,50.079326015856765,Moderate
18.681335952544377,27.855397336481992,43.1489825448257,48.01576940725636,36.16579075625836,11.128445106603778,17.532451712930026,Good
67.71940388980155,117.42122574412844,56.33799636991303,53.47238118612789,82.20163187931922,3.0604438234968683,51.255657314214254,Moderate
103.12170842569378,183.65598906704466,53.73011528125728,33.39633917370241,53.80512548865384,6.39808202877265,35.88697711689883,Poor
45.708174925761966,81.13336805118801,62.770851325632336,34.661590058475724,71.7768783101344,6.641985434120452,39.44391204590961,Satisfactory
97.13087261171636,183.2475557799132,52.64030992213957,35.38530223968155,44.55500657580835,1.161051703604275,47.24135154001908,Poor
119.10849230789712,211.0602685376365,55.534211990119225,40.69615746604784,46.372554121600835,5.771995620624043,38.59698079038748,Poor
100.88167606826786,177.74948417645052,64.02534835523733,41.70438474620387,69.93175937223042,5.815608097531825,40.09329324476177,Poor
63.8430733117068,115.84269165601225,53.2383028520682,69.2225571185594,31.069049658752316,8.503995789979848,27.53375339307928,Moderate
50.88423782079351,66.15516327990552,48.847693005596184,45.65315649448995,74.84163117432469,18.129550400953374,35.58253022208143,Satisfactory
45.51199773423736,69.06258359338513,51.423733225152034,24.955493516198963,78.89945253512383,7.916414893581045,21.187532775423854,Satisfactory
13.126485446480393,22.87371286364934,52.8081266223731,26.437238429909726,62.6667728074344,8.50605781827867,24.84883350618049,Good
97.19657768362794,161.32993225975346,75.45320685911946,41.334753959500425,62.126415533678355,6.999158908943432,59.47042571953362,Poor
63.530027665515306,89.35772850905447,30.817775055682432,63.01692388439383,47.49545782637322,10.950851520214979,17.877096224243672,Moderate
75.90516997062426,112.5096680135928,39.7564666333335,67.02130596470859,70.11674103605503,3.7043311654168916,32.31475689954421,Moderate
7.486973106939028,11.245999372093241,51.55219728725184,23.095529306734832,65.21497869611139,15.584149980615756,31.70203555073214,Good
104.94818428450994,172.18815712180538,54.52091519941385,56.34980315512235,46.17741905964266,7.503363170132723,25.33868292328801,Poor
119.3928147910785,214.78277606094153,52.76719131748338,43.14635292812571,54.12780074867712,6.4192406678757425,37.716014048556566,Poor
108.31527675940549,201.41172290872112,48.0885935020789,43.61469450023467,57.60996862956295,11.8801482946552,38.84583139112075,Poor
100.67449432128598,176.1859472326358,41.10083210891564,33.21477840591466,54.107967052212196,4.436309631820586,16.112712252786313,Poor
55.319076237007806,99.89354124703401,49.764415575349844,48.787785528256265,39.556328799750375,10.877003932221333,31.52035067319827,Satisfactory
70.68711393943583,111.83108406778494,36.51528082416198,29.26524717594389,70.48530462875843,13.620680222381443,13.764489918414647,Moderate
47.64275666233832,73.07756608448967,53.44317697952444,44.742767515440384,56.34734316147158,7.034628910387963,41.828229274759515,Satisfactory
66.80483519475847,102.58718301486796,46.42376899839732,65.17777331108819,60.23047163839964,16.211366452319485,32.64730965543938,Moderate
98.48638124236211,164.43513883231435,43.87148816129563,59.203362562032794,51.3260011890386,10.577166105045016,31.234948300756308,Poor
61.93668930972774,85.13458224237063,59.890276192320115,75.28045973841871,67.12907210957985,10.626777038657718,39.885470233086046,Moderate
24.508244546381704,40.38214899731382,40.56544563522769,55.29926989238575,62.98044276572105,13.463461340743958,25.867345642973987,Good
23.169954229974664,39.367599255352495,64.07869135321502,46.97941787506086,78.19176583695628,14.522939818545494,43.71032938827307,Good
60.89647423582801,95.20221338048577,29.2250212502564,54.85163797386881,67.20898069408477,9.04735594562552,15.773326908657962,Moderate
106.39017755286261,199.15180592326854,70.0403455541539,36.97108066428173,56.95973397244334,11.187621765507751,51.17814778341791,Poor
48.71688804938681,81.11010920460303,45.192948398038226,18.928725221096514,48.904247737461596,13.58536597264371,21.736332261677195,Satisfactory
67.53779406166421,96.7140997099187,26.753926182980063,57.34470922021114,72.98929025874968,3.3527556945542516,4.557313984566186,Moderate
66.03012165712624,104.8247828213088,49.901126309829166,21.917792025303363,55.76135851820313,1.081990401469409,25.071976373059023,Moderate
71.76033163507903,122.36877896358227,37.18177740003466,65.33916852925239,57.42423650105669,7.769784318376381,23.370477041186867,Moderate
86.66791810724635,129.49725101917673,48.004138250321276,59.778120969005265,57.42042590560988,0.9860345703224809,24.95889020774945,Moderate
54.96459313831817,74.08045217174859,51.99401071176161,36.46200594631479,53.97588434014306,6.744019614768191,33.47472023225974,Satisfactory
91.54763841007386,151.05922264633443,55.34300109793614,41.92227203585568,57.68191508655196,9.25749413679655,46.46763541332409,Poor
73.60697879568752,137.55098807598588,29.155713991499987,42.048298219940264,88.89311344098866,6.897444935779493,27.12441129154295,Moderate
49.571621758456,78.87059128236932,24.117881779658383,37.31089640107801,44.28266918808462,7.4336278075852364,19.625736452716488,Satisfactory
85.70372454746746,158.00899574634732,14.124726010899943,58.55131547251939,47.78243683857585,3.9933339455162997,13.101797815743044,Moderate
11.124847996969992,20.03600869277271,44.08856653787514,53.27707346927014,80.76486627231375,11.152574175883776,22.977258130364334,Good
8.793794360764215,12.209723292248526,18.91621249618567,27.479991551284158,54.37793423257392,3.7461465315106413,1.6826274112447095,Good
20.17476274338178,34.799487659415426,37.90840194993332,37.005228745491976,53.24068073887658,0.5,19.12300359725458,Good
115.45919885836494,180.26405890902313,62.35151492644337,44.34330574008428,75.5229578516015,7.1706449098671206,48.66080843793279,Poor
92.98410114280642,134.8406892569671,40.53801132130164,69.3692918164011,38.69706574077374,11.660079699679823,17.649611931323655,Poor
121.45291128938568,207.94718257944012,60.37496332438654,55.319911646960215,72.32181643880108,8.319323167531905,39.430737912004574,Very Poor
50.57096847610913,88.27650209391292,30.78569845747158,12.899376189145563,60.684246439823156,3.3408119396790603,11.602768652872651,Satisfactory
60.543907941202235,85.24205601982885,71.737158213445,42.22568094176666,66.97203196247966,8.407803869625344,56.56643848965831,Moderate
41.943953787275106,77.54039521456869,72.95460840340029,53.752011389295276,66.69046432878189,9.7532148190734,57.56410099597065,Satisfactory
52.30099772344903,91.56274721801132,66.11305462822932,37.88455049765359,50.58026120276043,8.361266766075705,38.86532334839814,Satisfactory
60.705886016155375,112.91448381771268,57.845121731568,31.68526332857288,75.76775670224859,6.941663012445655,59.86878902465283,Moderate
49.375637538732235,73.58174419410099,46.439038001935046,38.44609288960967,51.747934327828965,9.944154726570995,35.33689462391493,Satisfactory
113.57832656481081,211.66468403734524,64.29707138920665,42.153796066637014,66.13273528498112,1.0462923887194187,41.52775671224334,Poor
106.29716319860233,161.68974112827087,72.89932732207652,29.600425233266282,78.56586728293705,4.424178436949678,48.92900815097302,Poor
52.80070615805884,70.35070291420544,52.84379978497551,53.76225044637138,80.68352549769705,2.779167608778759,32.695776796476736,Satisfactory
46.659851895589746,82.01783067108568,24.56988820056537,35.89085697114223,55.99310496088961,13.393545487952625,6.714338076224077,Satisfactory
109.94018936708868,189.32853732663204,72.54348295704673,31.068213047548216,66.94702911361516,10.848126883953551,41.83445032851597,Poor
80.1781370176316,132.9952118001436,42.05238947453844,43.09808787017696,54.607668146945706,8.74050013725607,22.922106083498043,Moderate
29.380619447013192,46.83083428505141,41.87963533851166,62.672359628907415,97.55694340903162,2.197513386588767,24.0370526856681,Good
110.65632044068577,145.98879084882094,61.67586387680596,53.538820009740284,71.70189008810728,10.976591155792477,34.468423747180346,Poor
22.495405085877525,37.67436752472374,58.44920095397396,56.58078220925025,61.26087653755403,13.546160539967264,38.49421319576056,Good
15.280110017598911,23.68571029072726,56.545459336597474,51.356082549138414,64.68843260186614,10.285978945854248,32.25201951009327,Good
50.222435128663605,82.17021389983739,64.03812740532028,32.573969585667115,66.10658123169101,7.859290333985771,39.535943042359634,Satisfactory
97.75703456933104,152.26565370097944,34.477655711066575,37.088782623641706,66.55115311175223,10.526872127402461,19.397142989097055,Poor
52.89967139605023,99.43200399891616,60.5653532701471,36.57005568713889,56.400026735301644,9.091664457010756,29.359443079150747,Satisfactory
96.74499925832117,160.8352081520879,38.765692693678254,65.55638192598495,54.08509051147237,11.704304934558955,42.73628175676306,Poor
77.38945500311782,135.39608628036962,55.09542561943759,52.88561105442113,57.7221995741026,11.614742567171813,56.59186764655074,Moderate
55.742617371716634,103.78206035526489,70.2651634729599,26.409489574711056,42.90462442429189,7.115737853558693,61.89653383459813,Satisfactory
55.051351564937434,91.10776242129968,49.45830076662632,67.63497295484702,70.7741161046169,5.357434468463561,36.49465024091597,Satisfactory
102.21305408432637,133.6167383815688,61.241130192549576,45.42584366127803,47.97442436026541,6.400708237255289,42.60014740118411,Poor
131.50897648270248,173.66746753740932,68.23576242493034,60.980520454757475,44.10074881522925,10.143401340019736,59.723687472227866,Very Poor
107.81777794020174,185.59785291838037,37.84836638431523,63.82813250038872,59.78468300153777,6.642241392808767,19.93745944899758,Poor
132.68407722549694,194.70739264769716,53.85980663107754,9.959337637217603,58.0481605546517,4.997881527384705,39.44549779068875,Very Poor
82.85802246348021,136.5191842806131,73.40835032958091,54.07006218183221,63.74451713683483,7.996186514987174,41.52514424229219,Moderate
100.21398193120471,142.44077757311533,60.106324113035186,45.91597513254873,51.47691945905385,12.429827722675807,51.71792154115117,Poor
19.69786874544828,28.801225490825182,18.18423491026781,12.849247715467753,54.1118616265354,8.540432268536254,12.942879291956665,Good
24.07966856131763,38.594522751510716,43.270023779013854,28.935735096848983,70.38179257632736,6.89512801599829,15.908913242992247,Good
44.27867873499883,83.48043846646998,41.57700731702163,39.28722027399045,69.4682580074279,9.28172717178706,30.320733166570587,Satisfactory
87.21244089981627,145.62404534083564,51.366017114540114,58.916195512976664,68.84287569265017,8.336156836199471,35.665914934824535,Moderate
66.4111648693826,123.63692599678203,56.98925977439542,45.25452791276515,60.50951418527224,0.5,46.84295930600712,Moderate
46.55236387332473,87.31491307981723,59.8842497578752,49.715051845089725,62.53383934998412,10.787036572076635,37.76315663718407,Satisfactory
34.86527695343725,49.67834763665632,33.96172494907333,41.96675789427117,63.456583315657554,9.629833759788436,27.728801548345743,Satisfactory
41.46789362541473,61.650987635494225,30.2286947290401,66.28668933401426,50.159373902865354,8.064687195782984,36.24692167134211,Satisfactory
50.41212608027418,88.82593268133758,61.42983073749146,51.393327548774685,82.11069900219152,12.249426802891682,34.515667144116776,Satisfactory
63.161428719474486,114.9574889837155,72.5374882914204,46.448068129296914,79.97382048731549,12.851997457000792,56.175246449816825,Moderate
97.32069047954039,156.83580077938362,57.817551075433144,28.47026820905323,71.9136838650145,11.195074645894206,32.484884153527986,Poor
114.14963709213949,216.4203652980979,51.926069700183646,51.07517598617046,53.61207620397603,4.598796735857864,24.253748796711545,Poor
108.96326923447275,142.40881676997776,45.73799219563108,88.11064472683823,68.08716176925225,4.73715555749216,36.74413545107745,Poor
12.626175590340136,18.683653952439315,50.164871794244036,56.993899484180396,74.67554906654658,12.469342160007933,32.97727979007798,Good
66.50860536978597,111.32855847752695,29.83469753115636,40.57944895067615,41.65204647418285,0.5,6.435099664879921,Moderate
99.34793372095508,157.12610361787958,45.92236059052894,70.70336306810546,85.41767642547745,7.404609939351545,29.765219075667467,Poor
24.40563981626493,33.43479376124601,43.1428239483326,41.467258511608094,33.90918583266307,9.75930322812433,28.48892631890992,Good
56.21473139822918,85.4841821509144,37.948520317087265,56.60074315153803,70.56908729563614,0.998369058209982,21.841922013310256,Satisfactory
84.64251202409078,111.32761171071547,69.64871735335319,42.94715561997362,81.79923459378703,8.937372955401196,45.53374931434458,Moderate
20.350482027312786,34.30374175077542,34.32122788503763,51.07112668676447,58.304048039594534,11.81771630634381,18.21480605082006,Good
121.2477754892919,222.5679365898564,57.95268710440908,51.733838971865815,57.7430340026539,2.057695719586097,36.834279292868075,Very Poor
25.015006731978232,45.80058804960964,47.77907293156639,42.2834912258853,70.01491188970385,14.632680826776634,27.78214500234404,Good
104.72322024310697,180.09531631363768,40.740418534870685,36.604258709123506,87.77822837900808,3.9606796956043597,31.615425084701737,Poor
38.58464812240109,60.942990018635115,54.97487084523221,29.090691645376644,55.78398543087951,10.29894498590812,36.176794365688,Satisfactory
50.595386840127,81.3178655854085,17.03837723401073,33.46758012243979,48.28567212201083,7.665614286565468,10.386384241634982,Satisfactory
46.19025335085609,63.84191845742948,52.7988879339746,54.28078185599723,53.64336816588012,8.278062494801805,32.874913376021745,Satisfactory
124.98781549341848,188.05794905037493,85.02972860118828,42.41682723455742,36.71229011570669,2.8660194573033735,64.33421234569809,Very Poor
52.693911531267815,74.43736095199287,34.9550070634126,31.65657797703097,73.46636848072734,13.041891849412236,6.648549811819137,Satisfactory
108.09435354206641,193.78292267052242,38.60077136480666,91.95210766696187,52.28875420929211,9.303533853400934,29.135880544267426,Poor
47.38114795885516,87.60074631365202,57.87449831394672,85.96519884131524,56.87491268901667,14.483360707612624,46.848589872357294,Satisfactory
55.27795880071569,89.66935959528666,53.344381503889736,53.9834980254372,73.6443169712851,2.9703311176838927,34.524288719303954,Satisfactory
116.53340327337276,202.37871650795705,52.4801553612829,59.95340704456188,54.34634513385227,7.2750614644852245,40.3195042817405,Poor
75.67253865517773,103.8892287947582,5.0,33.53647919788723,71.38635593082596,8.838116958808829,0.0,Moderate
113.23722530001675,188.55365759221175,50.742794767452764,33.33565143238011,44.4286724427557,8.241532589179698,38.97374061944926,Poor
95.75419785652284,164.8575715211609,38.958822321771436,40.01880432362089,74.38079142485996,10.667141378689681,18.574676906496023,Poor
105.46613291061237,165.75699501863932,59.72356985899634,46.97873325032183,65.12857531898206,7.224325832304497,34.6481592687472,Poor
84.16014904679662,121.69253318971236,60.11629909453157,58.9619004855033,58.67131453770498,16.488104185202744,29.558479036357635,Moderate
31.117131487025347,56.833097924564335,78.75707856800267,20.15227202017098,61.963402319156934,8.159369288752718,64.1749954374245,Satisfactory
46.96501488692515,81.98895080835453,58.91234276202165,84.06899140239065,40.698580580208954,0.5,38.20042985648813,Satisfactory
63.86460581799602,117.50540592204614,53.16585023546272,51.3963685184421,61.62001115920455,8.336804033357488,28.31064256105821,Moderate
42.99807789860517,77.01134574190839,10.214671825143006,25.164558847841676,57.87495321965094,13.045855939464733,7.3546086111966815,Satisfactory
47.77217482105931,90.49123150026608,40.48175444289733,54.14041976154559,41.10851084343655,4.306775592597864,31.81720352774845,Satisfactory
131.7648476824842,186.4872685396666,58.93408748626225,36.47646333431375,49.933868596401844,4.052979243315054,42.34843317520234,Very Poor
121.47544256171791,164.24070942137064,58.360108406198734,33.799634322708755,58.06132113071223,4.63844117464164,28.791721622711652,Very Poor
106.2924379399619,159.67267829223616,45.21172499583376,33.88584824722647,50.89061722578238,3.6940927600914835,22.415154600938383,Poor
79.59945263160367,109.64048545251057,41.90767687478683,51.38905228786378,23.818291424243746,6.082393145176024,21.41120004230522,Moderate
78.38390901500733,126.50207162334073,52.399513070287625,76.31157274248608,76.14581309413299,11.637188905396881,38.027121531829806,Moderate
57.50068063736667,96.5906405830201,60.666090225661684,49.8162497049306,57.86865187365502,14.105330913650775,41.39081908963736,Satisfactory
82.39873221037584,135.70850111867802,60.604811744577574,65.23019771665847,25.890746861451824,0.5,50.418151729816785,Moderate
6.442284550071397,9.377029146482709,27.328867205404222,55.672825408433944,92.02444409519092,6.486181385690171,15.07500160184463,Good
53.5055289620003,98.73345395681808,48.55720104990198,42.10447807767263,78.62088496969784,9.210791977506931,37.88966337626425,Satisfactory
43.28537725808455,56.820862686548665,56.08084870474235,31.631645876584937,54.76526923397497,8.810713453540764,28.174440683731994,Satisfactory
16.121634887960333,24.3244518896542,39.032821671088485,26.54636722285769,47.362537629499485,15.599758666491557,28.61648693050079,Good
112.57853240237606,194.91796273628796,49.234432326810065,40.97864361271599,66.04786816140783,0.5,36.02738781051003,Poor
42.97656054085573,75.64550916337933,56.27144927854126,64.55206425607679,63.03490222326212,0.5,36.11484380437421,Satisfactory
9.710953500899612,15.048784252673387,47.096890608032474,60.40461247634329,68.1313488720056,16.248850096153024,37.9315215868736,Good
40.07282716567373,52.50124972979158,34.53345020395012,54.36457024015678,47.405695901174276,11.013734772989345,14.13793211706285,Satisfactory
97.4611024422205,162.84056416979388,38.68397955050734,50.539863185465734,76.4665803145745,5.7145136521883595,18.752828892503118,Poor
86.10497153645055,115.19612243381503,62.063588849409626,47.36802096284068,52.89806815236676,8.68639509227182,52.28802413276526,Moderate
49.02239336588379,66.9015203468771,41.952029926310885,38.735472847213344,70.21148622983351,8.972870490244265,26.691412987787402,Satisfactory
104.30637803119444,176.29346986763582,43.58258405381497,39.3180640985629,48.04591109314464,5.6179168386560825,34.590215970268446,Poor
124.75107401082951,185.56634879537887,72.30012324092417,17.983814378211854,99.7221597863023,8.567113482765736,45.81999468064779,Very Poor
25.551752316076893,38.55294616721658,55.3172323618619,72.87031720248102,70.43285023447888,9.419253498640478,36.951646085412285,Good
77.64409602850785,123.61594209664669,45.98891088767775,42.5668145096099,100.0,16.0621210454513,38.19783946458059,Moderate
11.337142486580383,21.394854850640403,60.087343334060066,38.880215236165384,72.41402964489069,11.853804889142165,43.41866518865635,Good
50.45929502874357,94.8264038470426,21.372753296519292,77.00189110749326,51.57803464696974,14.9572925609683,0.0,Satisfactory
67.85907044991514,105.16504227356613,22.439754155418946,75.69159408066623,72.44071190383794,2.625714065308423,22.65074767259198,Moderate
103.13738218536405,150.50833338266742,64.04973060748804,86.47564184054596,73.50866727289825,6.611210961528569,37.02908694749388,Poor
40.72153938266158,60.33121215441774,57.816333247026705,43.155115841438075,65.59986216746644,8.968987935726501,50.81466460586486,Satisfactory
96.47656962353962,140.97819908595753,64.61400755245027,47.687284175595224,69.45588708048085,0.5,30.991433394836594,Poor
56.02941665975475,90.73109491393376,41.958653854058035,55.479157449199135,71.42590694111513,12.727437352437121,17.329253073658567,Satisfactory
101.87669623186355,169.53462847822,26.941200410520253,75.9138200310138,45.094784838513874,10.56883908924505,17.728709255842467,Poor
43.536181198872015,69.36478836587794,56.41812128021749,52.12492288354075,44.02712392905072,6.531365920184544,43.25791805179611,Satisfactory
44.57639641489971,68.86146639534033,51.441001922137914,35.632328140322734,48.086745020783496,7.26666262599686,26.7333962641217,Satisfactory
7.851242428254659,11.201925187585744,45.00077747738689,36.3166791053776,61.91313591555765,13.015467555294991,29.89199931314495,Good
89.11813579823784,141.65357582742934,64.72880629127506,66.3309852552535,56.652432427898695,4.818248209452138,39.225452906584785,Moderate
6.051504832241681,9.105467114433981,16.99144953777505,60.242239595088684,45.36644151115577,13.176741398649149,0.0,Good
70.73832823012587,114.9467612683893,73.37563954245879,43.08040568108385,71.6297131577947,6.991845053654848,60.00551267262122,Moderate
71.27892046993925,121.5386602011597,44.73170346849735,43.57066386579471,64.2456723020472,11.023984211107667,19.03389247423408,Moderate
61.17219982193291,102.76851909909229,55.09326893333312,44.90022994743266,62.53393487056281,8.347056822315949,33.629045542103576,Moderate
44.79377019205118,70.66190937025546,16.584770817967915,67.35955336385082,56.130160422390965,16.932775386604742,4.429544797555934,Satisfactory
45.40057283783329,74.16780384328895,44.76810810082077,37.300390115413336,54.3265784645164,4.450430439569897,23.661883343924437,Satisfactory
40.48356750343386,59.547833198374164,65.14287351124328,32.32282697313675,47.38003257286535,5.706869509692265,48.67032069547645,Satisfactory
47.9372439622341,63.015623877182755,13.837875653417353,72.45091072607485,74.00610438806007,1.9754980892446756,1.2574923050118194,Satisfactory
100.58528551752704,168.48152732368973,51.079885229528685,50.48629572555447,49.4476067752022,3.612971331882716,46.89300130783711,Poor
78.53509956433427,113.99692759685378,27.854033381321308,46.181897212790815,63.14085700039225,10.852512430778065,25.894558556514234,Moderate
64.0925272257507,109.0452457186666,51.22132726432822,53.078850606949985,84.9301559440805,14.400654555460244,37.30746660330288,Moderate
49.5787387883467,86.67380398936616,55.44452676006875,34.16311785604932,55.01613382965974,11.305923481441106,39.862866202276656,Satisfactory
110.00785196524254,203.46575389736108,56.995814692628755,56.37533358948957,74.41053211078791,7.978434001092535,36.62132249236388,Poor
36.809035319913185,69.01229140766095,41.88699515964862,40.55296436193139,68.53063524053509,4.425541993375785,17.025740225537604,Satisfactory
25.484864276145032,33.29127647592884,38.76771577690234,63.95068536047695,64.6720134489158,11.593674686508601,24.531762801974644,Good
42.93246314491016,81.32372463405571,26.604420830787053,23.702943149233022,66.4552266285713,4.205592379256649,8.076657341237766,Satisfactory
56.29808750277015,96.25908878994872,47.56947190855084,55.04471252730475,58.57640146093605,2.6041930627769627,37.376944973821196,Satisfactory
121.61613720200377,205.0587319111279,70.67565194566426,44.42718352576056,60.521639531901606,6.766122667160381,55.530827310238884,Very Poor
107.51138562236518,140.7461498755093,30.11811748297398,39.0746923728272,51.77829077661413,0.5,2.6333866998530624,Poor
46.685619600370615,84.81563475316592,37.52692299870304,59.44579732478882,60.621856817011334,2.474460501791005,18.57531140792947,Satisfactory
5.0,6.936474341743479,53.85263697564865,47.53084914454722,51.221610063247546,15.543961343531283,27.273370861756,Good
78.62020762023076,141.70491223563724,56.95436250272198,51.97322669312318,75.08482639614896,1.7327663021663913,32.600121355703315,Moderate
49.85056896264648,65.27122072274312,70.53046275187076,72.08417109782988,34.50753856982334,3.2474064758167547,43.1876445215164,Satisfactory
78.86809755766164,133.0961103090882,45.979159721388115,58.4292747899328,67.21579936688224,8.287331630826657,27.717000294635,Moderate
108.71132030223902,169.68542567624465,38.47511579412394,30.784672870026068,65.0488005213342,8.49561552012006,25.260619103315243,Poor
64.93970852353472,92.24426080039716,66.86213271398915,39.13575828231456,63.690239462640506,7.061502810484583,46.546960591046115,Moderate
57.07312633730596,77.878383179416,52.95371618054254,51.81587335468187,75.36748423298229,0.5,39.92993350594958,Satisfactory
98.66682610611574,154.32247567772345,58.99501578656197,60.766524293733205,55.70814614935579,11.393957310551158,38.08466963551648,Poor
58.048816983369335,79.75811575403435,43.216535651370414,41.36935432727532,63.83150766858075,6.2277864009680135,31.687735673821713,Satisfactory
102.59420862083763,163.31643430472747,53.64530803170446,56.11742785747719,34.251871677203205,12.881798088699604,44.74728316379788,Poor
89.76032752001588,150.36023854948922,47.87139108637127,52.11975724231522,53.770246767971656,5.420729513884611,20.155359131546,Moderate
81.94929549697518,147.21621520894126,28.198031743973377,50.39627848230058,72.83604646762836,11.929977356562308,18.109585767208827,Moderate
63.01710678829481,107.58215325764458,65.25034555294414,34.33327464511874,39.91257396695278,13.184333796317741,41.191514803039865,Moderate
16.329814974804528,21.867579543273,29.750262176442302,26.295287940905585,62.39615050576117,6.132230896984719,5.624460461296376,Good
50.812003807113484,75.42836275779827,48.99880392056272,16.143996012230417,49.83724392174304,11.521800776422587,31.38269264454731,Satisfactory
45.87170931273836,67.5592647013799,27.585303424979045,49.916377346163856,58.335195423423976,2.685821287534411,25.25162471606232,Satisfactory
7.636143966995702,14.119378749150917,39.9075841109646,29.390179059071393,50.73483766857604,9.054757948277974,8.913679040205661,Good
48.63705358372802,88.55198673412315,26.94917032525114,83.79247134860671,41.29206593559854,12.888910833419358,16.030986304256032,Satisfactory
123.90750314031371,188.59821669563874,53.15405172904619,56.653730872114544,65.79004972439701,10.073971383856495,28.36535861556976,Very Poor
102.21354234754287,137.2414235080484,55.430977550385656,30.420786199405416,59.25604856962881,17.62489569141296,45.50944884748534,Poor
58.08398295905369,106.669166373331,32.01576141627169,63.18907379758757,69.18943679530798,10.297431969164624,20.205630131132835,Satisfactory
79.87738470341132,146.40837445200984,68.72957779402086,62.679160818562345,71.91656861998291,6.538914989569996,48.2007209985749,Moderate
86.1364577936321,156.15227760728263,52.160639866234824,62.60508611261319,78.37888105633522,19.36354557200599,30.947688413347745,Moderate
94.87257549592545,171.43939103047208,55.52941310174508,35.478464331099936,62.00230118163997,14.534804069390201,49.65577053254957,Poor
106.3108464192637,168.83782595606706,50.33343624577169,54.93495194957299,79.02931536904812,1.588369752806413,20.932625868299276,Poor
117.40455443677807,165.12469121301876,44.69270523756894,69.46233281231284,45.36338238913569,4.863345580286742,29.26785617841947,Poor
98.91485264556773,156.92770453014433,52.525957981364314,68.8359777586736,73.63439743842197,3.847367571834706,35.527254050054935,Poor
68.06780335532416,108.68785463826792,42.19998776125935,23.765686226520977,66.8908562449178,10.582518418036223,27.307343058877322,Moderate
77.60814874317282,123.70421119402302,51.043714698240294,44.036210438812255,63.4963897877218,10.284632147267153,44.29536220717854,Moderate
76.76672731130921,124.61263042536676,25.88179569148057,34.00566552982858,66.67098351244675,10.253807729581997,0.0,Moderate
138.24314936105233,201.08768515734224,82.01888033388983,78.84408061138811,45.58891682496807,1.4803621620041971,66.3360830818491,Very Poor
101.32690622579167,153.99102958357858,52.13927843886822,58.95610043759204,42.04879785112466,5.447633813579802,42.86661910492743,Poor
39.61842729146674,61.82502943368743,52.210386947573355,56.23923250750269,85.64742279115498,7.402858981105423,27.397022564474753,Satisfactory
112.50275762447137,155.10448350401018,39.9823529367379,55.65149687011604,57.46916732704094,0.712317802717112,21.715174896339832,Poor
67.3327456430968,105.92911980447688,35.91433787832507,54.17826403152296,57.25509867289949,4.5126889337684375,17.003690828271683,Moderate
31.872491588040365,56.93325069590021,69.92795843002058,38.35760660832257,43.46535788638062,13.42573484066293,39.684232112546056,Satisfactory
87.16559096029869,156.6222478839638,47.56825419656106,45.747693573787245,37.77332541754745,1.7836960081216464,44.92472503188531,Moderate
5.061039456877648,7.829115587108445,31.83626599367875,49.337687103956426,58.675216817815766,13.821041974873923,27.56210807805151,Good
46.58117626253835,75.05555000030262,50.77633004848627,39.29597810495206,54.876181177369084,12.36459637014201,46.60485619467754,Satisfactory
5.0,6.600950996405171,37.661055234017105,35.49722008334647,60.02601535113676,6.8370511207820766,16.391099298583164,Good
94.81241876869925,161.62289358439602,29.496204861175492,44.65337908466178,61.30730910573262,5.404508002529261,13.74283725019746,Poor
115.16008802735854,177.6647838934948,69.24373465166356,31.454456626046465,97.3419162189104,11.327310488581201,57.20011807868323,Poor
81.35017510891251,127.49904015715195,47.44063498983711,49.76299629487838,54.92130028891568,4.849039356417476,38.86662920307814,Moderate
57.914381044533904,105.64762449595767,79.17946091505351,36.617123459163885,83.6991016191517,5.048008200215504,50.95272302719992,Satisfactory
62.76416789109297,98.98541065161086,51.479957697349235,32.801047462515065,84.63036322567417,7.904526383981086,17.19090437418461,Moderate
128.08547454847206,168.13976826191924,41.72364371337444,31.824764739476713,71.30436427907976,0.5,16.14711912346905,Very Poor
123.78747715424784,177.82003437427431,30.100488804567753,48.79681779833195,56.47310501176332,2.200097606393175,24.620860208136868,Very Poor
95.58565198369398,151.53885148812617,31.980030779309544,65.40889111625937,39.57791495800906,6.737355003994068,17.639117376914825,Poor
81.69784435560399,127.01055502432432,63.142119415041826,56.32924167718237,67.1691581600086,9.902784128850397,40.58047815342677,Moderate
65.11698535713975,118.2669067428897,36.49316344940193,22.039910984563633,75.28218119551417,4.793704247685286,18.733109146103317,Moderate
92.70854748553856,150.67758034632152,38.400220480632235,55.65319902231466,86.21531196424476,7.20955808791327,12.424952128990643,Poor
34.29468407967079,58.773593242989094,58.899731046072276,60.507009342041236,45.75063068629827,1.5461623674494716,32.130231183828485,Satisfactory
59.60281494245455,94.26745319830967,44.84275243989724,62.03968026351768,56.34710416222099,11.729935409081282,10.6502073626218,Satisfactory
48.4344414865519,75.74146188782686,17.468315655834033,67.08577872581843,45.842031143657294,8.880329318243927,3.0080410278691616,Satisfactory
55.81901492049331,87.51148872047354,49.44925223338032,38.98562662056575,50.49783011344616,9.234183610556867,31.998858507919167,Satisfactory
38.625066321183745,59.73570994687654,19.85942292498004,41.50979589289584,69.9658130135344,9.95300247193958,3.7616993548468507,Satisfactory
115.734967183615,187.8552156311854,41.46001393028102,76.89486701970506,49.810428459513965,8.312510013979143,41.62919094443134,Poor
38.45010573566478,55.76288262329959,33.775696544044855,76.43841925412814,47.63593234024486,6.064908965704003,9.069994106208064,Satisfactory
73.82409788580296,135.44013476264286,24.507534410011278,44.460184004072914,71.95493795583411,12.518618194881235,0.0,Moderate
35.66423794712462,53.491054677642985,38.65913599825652,55.694454999896756,66.7610818506532,8.627524591043091,25.593050247888087,Satisfactory
61.00249357760407,84.70283469905357,36.167581859071376,57.308964477597,65.25016796902761,7.337122285306302,32.168917549447265,Moderate
113.73387221345257,154.44266975447854,50.5619272876302,76.3233315569002,50.206689627014015,7.965381384317984,37.37212595522911,Poor
121.71446497115647,159.20906222182316,55.17122517680292,49.300136014427046,79.39534917322052,7.88013973404504,32.5802354852378,Very Poor
22.351309401867614,34.72753444913292,43.397942655825865,29.77222592586017,60.21735295979687,7.296937584298751,14.110310683233864,Good
76.91856319426789,108.65259275957045,50.925696639570546,33.71934065627273,95.70285208132154,9.78442545003163,40.695917713899064,Moderate
45.16268739203607,59.298100083991564,68.82344065873707,94.51955138473973,62.41749254205067,4.2565591115105255,44.4020775971962,Satisfactory
69.1055606443744,111.39897421310918,35.701978595360195,36.12072466502232,24.999782372292593,4.5488358570387675,11.913568073166921,Moderate
51.097155555288154,87.27328402667482,47.862289774372556,55.88781342874431,24.331866978346966,10.237054757714542,27.28490792010579,Satisfactory
122.96682326466883,166.18359083735672,32.946642468082544,80.83115177825039,69.35924912768203,7.419042637088815,25.883399593364707,Very Poor
16.216560549779572,25.566258488335162,39.97438755505281,32.10236891624079,79.50741228496209,11.885572408572383,33.30572374182051,Good
36.87444134393991,64.38930900156274,37.58724110624624,9.447991869876475,48.24257805114226,9.635516002527455,26.926143123388368,Satisfactory
44.98384297451071,85.08622341053066,43.47254993333504,5.0,91.51468159165726,5.7894883596950715,28.98183341890535,Satisfactory
26.80141164496365,45.570820981839006,70.07047821215178,31.097793732560163,84.94498405491154,10.300385452514698,39.62723295362537,Good
62.743099713820676,90.78322503816418,26.665102352180412,20.92433842382759,63.15820145161722,12.788763831835745,13.292203505983,Moderate
63.34492546781014,109.58242525144647,63.12454864003082,61.939148231869126,68.09180913534198,9.787918224485015,41.06059702891236,Moderate
49.92879108500091,82.81976447165816,58.6871859707492,49.338570949982476,73.41795326082774,10.662339772267186,47.116990972968765,Satisfactory
99.69901544590293,142.27842840590762,72.8424809150545,10.322455988062885,88.34992345980773,7.312916597586388,54.512024902333025,Poor
5.04747672616935,9.13929699493394,19.49615067369729,22.023328715883572,70.23203950118372,11.97215953152201,0.0,Good
9.584667179536499,14.917984845019639,45.94701266089482,66.03831243948913,62.81897478406724,5.677238340281425,27.25647514327173,Good
76.05754765114034,142.77420873504624,23.428060613426677,48.88048224272252,70.08451796379973,9.354172102962066,0.5234913846961611,Moderate
67.733178616308,117.431762036822,18.00434155703908,67.89238932151068,68.0604042217384,18.27802460974373,0.0,Moderate
109.88686943156843,185.3503465890951,51.94096846827823,62.01193096346827,73.86615280912491,10.155524224102638,32.161395714112174,Poor
119.23540360333979,207.11329140963508,51.48277742521351,35.45225931963971,36.44965060380695,6.317155077632526,24.012723107244575,Poor
120.87185043670858,191.80648837942056,45.01506452604661,60.28196063518597,64.73780174921183,6.306831033234402,34.4977642765612,Very Poor
27.659379047903087,44.34174315500611,63.04965039963926,55.06144446871145,66.90660761369604,7.714633210838622,37.29191535130974,Good
45.736765866901536,82.81667936233019,61.724971389334456,18.792727187212115,58.90729249421742,11.404983126917642,48.71843937161881,Satisfactory
107.15666557546902,183.0832841372505,44.75998733679104,25.21782572891928,71.76249666326338,8.58311003666953,30.8088063795867,Poor
120.23653102517918,221.0363452766568,92.06177572469626,78.80155446471322,88.81751430853562,5.405888747046413,73.85033425978631,Very Poor
108.2728669722109,198.62614701489414,48.407259577434544,33.6707450376806,62.0732569665666,5.39881202884524,34.59614782477819,Poor
64.82726509885555,122.25735161053841,74.42682110617669,52.097653502873456,70.37581621061535,8.608197324091922,57.63718566850817,Moderate
11.430349250172304,19.661672885639447,21.8059832608906,40.32144449582701,84.0939714067733,8.169579946955164,0.0,Good
118.96318191251287,190.50538285416363,48.55358616667661,50.2711657603395,62.42346758912783,9.819904676476083,50.24609294325937,Poor
47.00725366233258,65.80014352827764,47.90041404458739,48.79791858548264,46.67305196461786,11.669959583139578,27.288592653066594,Satisfactory
5.0,8.616141678942252,9.168498387072061,60.630472846883954,69.23668273631887,18.909438809637997,0.7747911085909287,Good
86.14473276576337,127.05888328993377,41.75830637645362,68.6898610756881,26.97500794802886,2.1518659329295984,36.3081766384218,Moderate
38.590145733769205,56.71858218524569,45.841810201711525,56.66396962750222,25.5244944305598,10.747448509145764,25.45566693023524,Satisfactory
